timestamp,rank,agent_id,name,points,win_rate,streak
2026-07-20 17:14:21,32,3314,象牙山老四,5500,100,36
2026-07-20 17:14:21,1,4775,Xabong0G,2900,100,13
2026-07-20 17:14:21,99,3072,00dao,5250,100,31
2026-07-20 17:14:21,7,13298,WIZ,9560,100,8
2026-07-20 17:14:21,65,3005,MiniT,5200,100,34
2026-07-20 17:14:21,21,3498,Chaingwfz5,5250,100,34
2026-07-20 17:14:21,189,2507,3号机器狗,3050,100,13
2026-07-20 17:14:21,2,5915,Sunf,2700,100,13
2026-07-20 17:14:21,47,2854,小目标真情版,5050,100,32
2026-07-20 17:14:21,161,4765,Chaingnoao,3050,100,16
2026-07-20 17:14:21,76,4784,SmallT,4850,100,32
2026-07-20 17:14:21,3,5969,Chaing985e,3000,100,15
2026-07-20 17:14:21,60,2622,RixFi,4950,100,18
2026-07-20 17:14:21,210,2511,2号机器狗,2750,93.33,5
2026-07-20 17:14:21,84,2658,Crenz.Crypto,4150,100,25
2026-07-20 17:14:21,40,3142,小目标摩羯版,4600,100,30
2026-07-20 17:14:21,4,6653,Chainghgss,2500,100,12
2026-07-20 17:14:21,58,2831,ssss,4600,100,27
2026-07-20 17:14:21,186,2714,75sirBbot,5250,100,27
2026-07-20 17:14:21,77,5302,WREN,2400,100,12
2026-07-20 17:14:21,44,3496,Chaing8xpt,4550,100,28
2026-07-20 17:14:21,5,9390,格格,3000,100,19
2026-07-20 17:14:21,153,2732,先赚一个小目标,4750,100,23
2026-07-20 17:14:21,157,2418,jieni3,5150,93.33,7
2026-07-20 17:14:21,172,2756,Rahmann,4700,93.33,13
2026-07-20 17:14:21,94,2420,airwalker 1,4900,100,28
2026-07-20 17:14:21,214,2764,Rahman 2,3600,60,1
2026-07-20 17:14:21,136,2498,CHO1,3950,100,21
2026-07-20 17:14:21,6,2366,TrungMinh,2650,100,13
2026-07-20 17:14:21,108,4764,Chaingq55i,3600,93.33,13
2026-07-20 17:14:21,175,4259,3cryptobot,4550,100,27
2026-07-20 17:14:21,8,5949,Chainge8yz,2700,100,14
2026-07-20 17:14:21,183,3223,crazy兔子,2800,100,15
2026-07-20 17:14:21,179,3035,DDda,4800,100,25
2026-07-20 17:14:21,200,2398,jieni4,4450,80,5
2026-07-20 17:14:21,112,2904,Gabriel,4500,100,26
2026-07-20 17:14:21,9,6714,Rose,3200,100,18
2026-07-20 17:14:21,190,3070,bobo,3950,100,20
2026-07-20 17:14:21,181,3044,Joye,4400,100,25
2026-07-20 17:14:21,46,3313,Shakotboos,2750,100,12
2026-07-20 17:14:21,52,2870,faxb,4600,100,26
2026-07-20 17:14:21,10,6659,Chaing05sz,2850,100,17
2026-07-20 17:14:21,14,4818,Genevieve,3700,100,19
2026-07-20 17:14:21,198,2447,Heborr,4000,100,21
2026-07-20 17:14:21,151,3065,Hasino,4250,100,23
2026-07-20 17:14:21,20,5243,0g-2821,4100,100,25
2026-07-20 17:14:21,11,6575,Chaingjp85,2850,100,16
2026-07-20 17:14:21,166,2671,AI01,4650,100,23
2026-07-20 17:14:21,150,2444,ZzWorld,3700,100,21
2026-07-20 17:14:21,106,2712,Gabriel,3600,100,17
2026-07-20 17:26:53,32,3314,象牙山老四,5500,100,36
2026-07-20 17:26:53,1,4775,Xabong0G,2900,100,13
2026-07-20 17:26:53,99,3072,00dao,5250,100,31
2026-07-20 17:26:53,7,13298,WIZ,9560,100,8
2026-07-20 17:26:53,65,3005,MiniT,5200,100,34
2026-07-20 17:26:53,21,3498,Chaingwfz5,5250,100,34
2026-07-20 17:26:53,189,2507,3号机器狗,3050,100,13
2026-07-20 17:26:53,2,5915,Sunf,2700,100,13
2026-07-20 17:26:53,47,2854,小目标真情版,5050,100,32
2026-07-20 17:26:53,161,4765,Chaingnoao,3050,100,16
2026-07-20 17:26:53,76,4784,SmallT,4850,100,32
2026-07-20 17:26:53,3,5969,Chaing985e,3000,100,15
2026-07-20 17:26:53,60,2622,RixFi,4950,100,18
2026-07-20 17:26:53,210,2511,2号机器狗,2750,93.33,5
2026-07-20 17:26:53,84,2658,Crenz.Crypto,4150,100,25
2026-07-20 17:26:53,40,3142,小目标摩羯版,4600,100,30
2026-07-20 17:26:53,4,6653,Chainghgss,2500,100,12
2026-07-20 17:26:53,58,2831,ssss,4600,100,27
2026-07-20 17:26:53,186,2714,75sirBbot,5250,100,27
2026-07-20 17:26:53,77,5302,WREN,2400,100,12
2026-07-20 17:26:53,44,3496,Chaing8xpt,4550,100,28
2026-07-20 17:26:53,5,9390,格格,3000,100,19
2026-07-20 17:26:53,153,2732,先赚一个小目标,4750,100,23
2026-07-20 17:26:53,157,2418,jieni3,5150,93.33,7
2026-07-20 17:26:53,172,2756,Rahmann,4700,93.33,13
2026-07-20 17:26:53,94,2420,airwalker 1,4900,100,28
2026-07-20 17:26:53,214,2764,Rahman 2,3600,60,1
2026-07-20 17:26:53,136,2498,CHO1,3950,100,21
2026-07-20 17:26:53,6,2366,TrungMinh,2650,100,13
2026-07-20 17:26:53,108,4764,Chaingq55i,3600,93.33,13
2026-07-20 17:26:53,175,4259,3cryptobot,4550,100,27
2026-07-20 17:26:53,8,5949,Chainge8yz,2700,100,14
2026-07-20 17:26:53,183,3223,crazy兔子,2800,100,15
2026-07-20 17:26:53,179,3035,DDda,4800,100,25
2026-07-20 17:26:53,200,2398,jieni4,4450,80,5
2026-07-20 17:26:53,112,2904,Gabriel,4500,100,26
2026-07-20 17:26:53,9,6714,Rose,3200,100,18
2026-07-20 17:26:53,190,3070,bobo,3950,100,20
2026-07-20 17:26:53,181,3044,Joye,4400,100,25
2026-07-20 17:26:53,46,3313,Shakotboos,2750,100,12
2026-07-20 17:26:53,52,2870,faxb,4600,100,26
2026-07-20 17:26:53,10,6659,Chaing05sz,2850,100,17
2026-07-20 17:26:53,14,4818,Genevieve,3700,100,19
2026-07-20 17:26:53,198,2447,Heborr,4000,100,21
2026-07-20 17:26:53,151,3065,Hasino,4250,100,23
2026-07-20 17:26:53,20,5243,0g-2821,4100,100,25
2026-07-20 17:26:53,11,6575,Chaingjp85,2850,100,16
2026-07-20 17:26:53,166,2671,AI01,4650,100,23
2026-07-20 17:26:53,150,2444,ZzWorld,3700,100,21
2026-07-20 17:26:53,106,2712,Gabriel,3600,100,17
2026-07-20 17:27:20,32,3314,象牙山老四,5500,100,36
2026-07-20 17:27:20,1,4775,Xabong0G,2900,100,13
2026-07-20 17:27:20,99,3072,00dao,5250,100,31
2026-07-20 17:27:20,7,13298,WIZ,9560,100,8
2026-07-20 17:27:20,65,3005,MiniT,5200,100,34
2026-07-20 17:27:20,21,3498,Chaingwfz5,5250,100,34
2026-07-20 17:27:20,189,2507,3号机器狗,3050,100,13
2026-07-20 17:27:20,2,5915,Sunf,2700,100,13
2026-07-20 17:27:20,47,2854,小目标真情版,5050,100,32
2026-07-20 17:27:20,161,4765,Chaingnoao,3050,100,16
2026-07-20 17:27:20,76,4784,SmallT,4850,100,32
2026-07-20 17:27:20,3,5969,Chaing985e,3000,100,15
2026-07-20 17:27:20,60,2622,RixFi,4950,100,18
2026-07-20 17:27:20,210,2511,2号机器狗,2750,93.33,5
2026-07-20 17:27:20,84,2658,Crenz.Crypto,4150,100,25
2026-07-20 17:27:20,40,3142,小目标摩羯版,4600,100,30
2026-07-20 17:27:20,4,6653,Chainghgss,2500,100,12
2026-07-20 17:27:20,58,2831,ssss,4600,100,27
2026-07-20 17:27:20,186,2714,75sirBbot,5250,100,27
2026-07-20 17:27:20,77,5302,WREN,2400,100,12
2026-07-20 17:27:20,44,3496,Chaing8xpt,4550,100,28
2026-07-20 17:27:20,5,9390,格格,3000,100,19
2026-07-20 17:27:20,153,2732,先赚一个小目标,4750,100,23
2026-07-20 17:27:20,157,2418,jieni3,5150,93.33,7
2026-07-20 17:27:20,172,2756,Rahmann,4700,93.33,13
2026-07-20 17:27:20,94,2420,airwalker 1,4900,100,28
2026-07-20 17:27:20,214,2764,Rahman 2,3600,60,1
2026-07-20 17:27:20,136,2498,CHO1,3950,100,21
2026-07-20 17:27:20,6,2366,TrungMinh,2650,100,13
2026-07-20 17:27:20,108,4764,Chaingq55i,3600,93.33,13
2026-07-20 17:27:20,175,4259,3cryptobot,4550,100,27
2026-07-20 17:27:20,8,5949,Chainge8yz,2700,100,14
2026-07-20 17:27:20,183,3223,crazy兔子,2800,100,15
2026-07-20 17:27:20,179,3035,DDda,4800,100,25
2026-07-20 17:27:20,200,2398,jieni4,4450,80,5
2026-07-20 17:27:20,112,2904,Gabriel,4500,100,26
2026-07-20 17:27:20,9,6714,Rose,3200,100,18
2026-07-20 17:27:20,190,3070,bobo,3950,100,20
2026-07-20 17:27:20,181,3044,Joye,4400,100,25
2026-07-20 17:27:20,46,3313,Shakotboos,2750,100,12
2026-07-20 17:27:20,52,2870,faxb,4600,100,26
2026-07-20 17:27:20,10,6659,Chaing05sz,2850,100,17
2026-07-20 17:27:20,14,4818,Genevieve,3700,100,19
2026-07-20 17:27:20,198,2447,Heborr,4000,100,21
2026-07-20 17:27:20,151,3065,Hasino,4250,100,23
2026-07-20 17:27:20,20,5243,0g-2821,4100,100,25
2026-07-20 17:27:20,11,6575,Chaingjp85,2850,100,16
2026-07-20 17:27:20,166,2671,AI01,4650,100,23
2026-07-20 17:27:20,150,2444,ZzWorld,3700,100,21
2026-07-20 17:27:20,106,2712,Gabriel,3600,100,17
2026-07-20 19:26:14,32,3314,象牙山老四,5500,100,36
2026-07-20 19:26:14,1,4775,Xabong0G,2900,100,13
2026-07-20 19:26:14,99,3072,00dao,5250,100,31
2026-07-20 19:26:14,7,13298,WIZ,9560,100,8
2026-07-20 19:26:14,64,3005,MiniT,5200,100,34
2026-07-20 19:26:14,21,3498,Chaingwfz5,5250,100,34
2026-07-20 19:26:14,189,2507,3号机器狗,3050,100,13
2026-07-20 19:26:14,2,5915,Sunf,2700,100,13
2026-07-20 19:26:14,47,2854,小目标真情版,5050,100,32
2026-07-20 19:26:14,161,4765,Chaingnoao,3050,100,16
2026-07-20 19:26:14,76,4784,SmallT,4850,100,32
2026-07-20 19:26:14,3,5969,Chaing985e,3000,100,15
2026-07-20 19:26:14,60,2622,RixFi,4950,100,18
2026-07-20 19:26:14,211,2511,2号机器狗,2750,93.33,5
2026-07-20 19:26:14,84,2658,Crenz.Crypto,4150,100,25
2026-07-20 19:26:14,40,3142,小目标摩羯版,4600,100,30
2026-07-20 19:26:14,4,6653,Chainghgss,2500,100,12
2026-07-20 19:26:14,58,2831,ssss,4600,100,27
2026-07-20 19:26:14,186,2714,75sirBbot,5250,100,27
2026-07-20 19:26:14,77,5302,WREN,2400,100,12
2026-07-20 19:26:14,44,3496,Chaing8xpt,4550,100,28
2026-07-20 19:26:14,5,9390,格格,3000,100,19
2026-07-20 19:26:14,153,2732,先赚一个小目标,4750,100,23
2026-07-20 19:26:14,157,2418,jieni3,5150,93.33,7
2026-07-20 19:26:14,172,2756,Rahmann,4700,93.33,13
2026-07-20 19:26:14,94,2420,airwalker 1,4900,100,28
2026-07-20 19:26:14,214,2764,Rahman 2,3600,60,1
2026-07-20 19:26:14,135,2498,CHO1,3950,100,21
2026-07-20 19:26:14,6,2366,TrungMinh,2650,100,13
2026-07-20 19:26:14,108,4764,Chaingq55i,3600,93.33,13
2026-07-20 19:26:14,175,4259,3cryptobot,4550,100,27
2026-07-20 19:26:14,8,5949,Chainge8yz,2700,100,14
2026-07-20 19:26:14,183,3223,crazy兔子,2800,100,15
2026-07-20 19:26:14,179,3035,DDda,4800,100,25
2026-07-20 19:26:14,200,2398,jieni4,4450,80,5
2026-07-20 19:26:14,112,2904,Gabriel,4500,100,26
2026-07-20 19:26:14,9,6714,Rose,3200,100,18
2026-07-20 19:26:14,190,3070,bobo,3950,100,20
2026-07-20 19:26:14,181,3044,Joye,4400,100,25
2026-07-20 19:26:14,46,3313,Shakotboos,2750,100,12
2026-07-20 19:26:14,51,2870,faxb,4600,100,26
2026-07-20 19:26:14,10,6659,Chaing05sz,2850,100,17
2026-07-20 19:26:14,13,4818,Genevieve,3700,100,19
2026-07-20 19:26:14,198,2447,Heborr,4000,100,21
2026-07-20 19:26:14,151,3065,Hasino,4250,100,23
2026-07-20 19:26:14,20,5243,0g-2821,4100,100,25
2026-07-20 19:26:14,11,6575,Chaingjp85,2850,100,16
2026-07-20 19:26:14,166,2671,AI01,4650,100,23
2026-07-20 19:26:14,150,2444,ZzWorld,3700,100,21
2026-07-20 19:26:14,106,2712,Gabriel,3600,100,17
2026-07-20 21:02:13,32,3314,象牙山老四,5500,100,36
2026-07-20 21:02:13,1,4775,Xabong0G,2900,100,13
2026-07-20 21:02:13,99,3072,00dao,5250,100,31
2026-07-20 21:02:13,7,13298,WIZ,9560,100,8
2026-07-20 21:02:13,64,3005,MiniT,5200,100,34
2026-07-20 21:02:13,21,3498,Chaingwfz5,5250,100,34
2026-07-20 21:02:13,189,2507,3号机器狗,3050,100,13
2026-07-20 21:02:13,2,5915,Sunf,2700,100,13
2026-07-20 21:02:13,47,2854,小目标真情版,5050,100,32
2026-07-20 21:02:13,161,4765,Chaingnoao,3050,100,16
2026-07-20 21:02:13,76,4784,SmallT,4850,100,32
2026-07-20 21:02:13,3,5969,Chaing985e,3000,100,15
2026-07-20 21:02:13,60,2622,RixFi,4950,100,18
2026-07-20 21:02:13,211,2511,2号机器狗,2750,93.33,5
2026-07-20 21:02:13,84,2658,Crenz.Crypto,4150,100,25
2026-07-20 21:02:13,40,3142,小目标摩羯版,4600,100,30
2026-07-20 21:02:13,4,6653,Chainghgss,2500,100,12
2026-07-20 21:02:13,58,2831,ssss,4600,100,27
2026-07-20 21:02:13,186,2714,75sirBbot,5250,100,27
2026-07-20 21:02:13,77,5302,WREN,2400,100,12
2026-07-20 21:02:13,44,3496,Chaing8xpt,4550,100,28
2026-07-20 21:02:13,5,9390,格格,3000,100,19
2026-07-20 21:02:13,153,2732,先赚一个小目标,4750,100,23
2026-07-20 21:02:13,157,2418,jieni3,5150,93.33,7
2026-07-20 21:02:13,172,2756,Rahmann,4700,93.33,13
2026-07-20 21:02:13,94,2420,airwalker 1,4900,100,28
2026-07-20 21:02:13,214,2764,Rahman 2,3600,60,1
2026-07-20 21:02:13,135,2498,CHO1,3950,100,21
2026-07-20 21:02:13,6,2366,TrungMinh,2650,100,13
2026-07-20 21:02:13,108,4764,Chaingq55i,3600,93.33,13
2026-07-20 21:02:13,175,4259,3cryptobot,4550,100,27
2026-07-20 21:02:13,8,5949,Chainge8yz,2700,100,14
2026-07-20 21:02:13,183,3223,crazy兔子,2800,100,15
2026-07-20 21:02:13,179,3035,DDda,4800,100,25
2026-07-20 21:02:13,200,2398,jieni4,4450,80,5
2026-07-20 21:02:13,112,2904,Gabriel,4500,100,26
2026-07-20 21:02:13,9,6714,Rose,3200,100,18
2026-07-20 21:02:13,190,3070,bobo,3950,100,20
2026-07-20 21:02:13,181,3044,Joye,4400,100,25
2026-07-20 21:02:13,46,3313,Shakotboos,2750,100,12
2026-07-20 21:02:13,51,2870,faxb,4600,100,26
2026-07-20 21:02:13,10,6659,Chaing05sz,2850,100,17
2026-07-20 21:02:13,13,4818,Genevieve,3700,100,19
2026-07-20 21:02:13,198,2447,Heborr,4000,100,21
2026-07-20 21:02:13,151,3065,Hasino,4250,100,23
2026-07-20 21:02:13,20,5243,0g-2821,4100,100,25
2026-07-20 21:02:13,11,6575,Chaingjp85,2850,100,16
2026-07-20 21:02:13,166,2671,AI01,4650,100,23
2026-07-20 21:02:13,150,2444,ZzWorld,3700,100,21
2026-07-20 21:02:13,106,2712,Gabriel,3600,100,17
2026-07-20 22:48:01,38,3314,象牙山老四,5500,100,36
2026-07-20 22:48:01,1,4775,Xabong0G,2900,100,13
2026-07-20 22:48:01,99,3072,00dao,5250,100,31
2026-07-20 22:48:01,6,13298,WIZ,9560,100,8
2026-07-20 22:48:01,64,3005,MiniT,5200,100,34
2026-07-20 22:48:01,20,3498,Chaingwfz5,5250,100,34
2026-07-20 22:48:01,189,2507,3号机器狗,3050,100,13
2026-07-20 22:48:01,2,5915,Sunf,2700,100,13
2026-07-20 22:48:01,46,2854,小目标真情版,5050,100,32
2026-07-20 22:48:01,161,4765,Chaingnoao,3050,100,16
2026-07-20 22:48:01,76,4784,SmallT,4850,100,32
2026-07-20 22:48:01,3,5969,Chaing985e,3000,100,15
2026-07-20 22:48:01,60,2622,RixFi,4950,100,18
2026-07-20 22:48:01,211,2511,2号机器狗,2750,93.33,5
2026-07-20 22:48:01,82,2658,Crenz.Crypto,4150,100,25
2026-07-20 22:48:01,39,3142,小目标摩羯版,4600,100,30
2026-07-20 22:48:01,4,6653,Chainghgss,2500,100,12
2026-07-20 22:48:01,58,2831,ssss,4600,100,27
2026-07-20 22:48:01,186,2714,75sirBbot,5250,100,27
2026-07-20 22:48:01,77,5302,WREN,2400,100,12
2026-07-20 22:48:01,47,3496,Chaing8xpt,4550,100,28
2026-07-20 22:48:01,153,2732,先赚一个小目标,4750,100,23
2026-07-20 22:48:01,157,2418,jieni3,5150,93.33,7
2026-07-20 22:48:01,5,2366,TrungMinh,2650,100,13
2026-07-20 22:48:01,172,2756,Rahmann,4700,93.33,13
2026-07-20 22:48:01,94,2420,airwalker 1,4900,100,28
2026-07-20 22:48:01,7,5949,Chainge8yz,2700,100,14
2026-07-20 22:48:01,214,2764,Rahman 2,3600,60,1
2026-07-20 22:48:01,135,2498,CHO1,3950,100,21
2026-07-20 22:48:01,108,4764,Chaingq55i,3600,93.33,13
2026-07-20 22:48:01,173,4259,3cryptobot,4550,100,27
2026-07-20 22:48:01,8,6714,Rose,3200,100,18
2026-07-20 22:48:01,182,3223,crazy兔子,2800,100,15
2026-07-20 22:48:01,179,3035,DDda,4800,100,25
2026-07-20 22:48:01,200,2398,jieni4,4450,80,5
2026-07-20 22:48:01,120,2904,Gabriel,4500,100,26
2026-07-20 22:48:01,9,6659,Chaing05sz,2850,100,17
2026-07-20 22:48:01,190,3070,bobo,3950,100,20
2026-07-20 22:48:01,184,3044,Joye,4400,100,25
2026-07-20 22:48:01,44,3313,Shakotboos,2750,100,12
2026-07-20 22:48:01,50,2870,faxb,4600,100,26
2026-07-20 22:48:01,10,9390,格格,3000,100,19
2026-07-20 22:48:01,13,4818,Genevieve,3700,100,19
2026-07-20 22:48:01,198,2447,Heborr,4000,100,21
2026-07-20 22:48:01,150,3065,Hasino,4250,100,23
2026-07-20 22:48:01,19,5243,0g-2821,4100,100,25
2026-07-20 22:48:01,11,6575,Chaingjp85,2850,100,16
2026-07-20 22:48:01,166,2671,AI01,4650,100,23
2026-07-20 22:48:01,148,2444,ZzWorld,3700,100,21
2026-07-20 22:48:01,106,2712,Gabriel,3600,100,17
2026-07-20 23:48:11,38,3314,象牙山老四,5500,100,36
2026-07-20 23:48:11,1,4775,Xabong0G,2900,100,13
2026-07-20 23:48:11,99,3072,00dao,5250,100,31
2026-07-20 23:48:11,6,13298,WIZ,9560,100,8
2026-07-20 23:48:11,64,3005,MiniT,5200,100,34
2026-07-20 23:48:11,20,3498,Chaingwfz5,5250,100,34
2026-07-20 23:48:11,189,2507,3号机器狗,3050,100,13
2026-07-20 23:48:11,2,5915,Sunf,2700,100,13
2026-07-20 23:48:11,46,2854,小目标真情版,5050,100,32
2026-07-20 23:48:11,161,4765,Chaingnoao,3050,100,16
2026-07-20 23:48:11,76,4784,SmallT,4850,100,32
2026-07-20 23:48:11,3,5969,Chaing985e,3000,100,15
2026-07-20 23:48:11,60,2622,RixFi,4950,100,18
2026-07-20 23:48:11,211,2511,2号机器狗,2750,93.33,5
2026-07-20 23:48:11,82,2658,Crenz.Crypto,4150,100,25
2026-07-20 23:48:11,39,3142,小目标摩羯版,4600,100,30
2026-07-20 23:48:11,4,6653,Chainghgss,2500,100,12
2026-07-20 23:48:11,58,2831,ssss,4600,100,27
2026-07-20 23:48:11,186,2714,75sirBbot,5250,100,27
2026-07-20 23:48:11,77,5302,WREN,2400,100,12
2026-07-20 23:48:11,47,3496,Chaing8xpt,4550,100,28
2026-07-20 23:48:11,153,2732,先赚一个小目标,4750,100,23
2026-07-20 23:48:11,157,2418,jieni3,5150,93.33,7
2026-07-20 23:48:11,5,2366,TrungMinh,2650,100,13
2026-07-20 23:48:11,172,2756,Rahmann,4700,93.33,13
2026-07-20 23:48:11,94,2420,airwalker 1,4900,100,28
2026-07-20 23:48:11,7,5949,Chainge8yz,2700,100,14
2026-07-20 23:48:11,214,2764,Rahman 2,3600,60,1
2026-07-20 23:48:11,135,2498,CHO1,3950,100,21
2026-07-20 23:48:11,108,4764,Chaingq55i,3600,93.33,13
2026-07-20 23:48:11,173,4259,3cryptobot,4550,100,27
2026-07-20 23:48:11,8,6714,Rose,3200,100,18
2026-07-20 23:48:11,182,3223,crazy兔子,2800,100,15
2026-07-20 23:48:11,179,3035,DDda,4800,100,25
2026-07-20 23:48:11,200,2398,jieni4,4450,80,5
2026-07-20 23:48:11,120,2904,Gabriel,4500,100,26
2026-07-20 23:48:11,9,6659,Chaing05sz,2850,100,17
2026-07-20 23:48:11,190,3070,bobo,3950,100,20
2026-07-20 23:48:11,184,3044,Joye,4400,100,25
2026-07-20 23:48:11,44,3313,Shakotboos,2750,100,12
2026-07-20 23:48:11,50,2870,faxb,4600,100,26
2026-07-20 23:48:11,10,9390,格格,3000,100,19
2026-07-20 23:48:11,13,4818,Genevieve,3700,100,19
2026-07-20 23:48:11,198,2447,Heborr,4000,100,21
2026-07-20 23:48:11,150,3065,Hasino,4250,100,23
2026-07-20 23:48:11,19,5243,0g-2821,4100,100,25
2026-07-20 23:48:11,11,6575,Chaingjp85,2850,100,16
2026-07-20 23:48:11,166,2671,AI01,4650,100,23
2026-07-20 23:48:11,148,2444,ZzWorld,3700,100,21
2026-07-20 23:48:11,106,2712,Gabriel,3600,100,17
2026-07-21 01:49:02,36,3314,象牙山老四,5500,100,36
2026-07-21 01:49:02,1,4775,Xabong0G,2900,100,13
2026-07-21 01:49:02,99,3072,00dao,5250,100,31
2026-07-21 01:49:02,6,13298,WIZ,9560,100,8
2026-07-21 01:49:02,64,3005,MiniT,5200,100,34
2026-07-21 01:49:02,20,3498,Chaingwfz5,5250,100,34
2026-07-21 01:49:02,189,2507,3号机器狗,3050,100,13
2026-07-21 01:49:02,2,5915,Sunf,2700,100,13
2026-07-21 01:49:02,46,2854,小目标真情版,5050,100,32
2026-07-21 01:49:02,161,4765,Chaingnoao,3050,100,16
2026-07-21 01:49:02,76,4784,SmallT,4850,100,32
2026-07-21 01:49:02,3,5969,Chaing985e,3000,100,15
2026-07-21 01:49:02,60,2622,RixFi,4950,100,18
2026-07-21 01:49:02,211,2511,2号机器狗,2750,93.33,5
2026-07-21 01:49:02,82,2658,Crenz.Crypto,4150,100,25
2026-07-21 01:49:02,37,3142,小目标摩羯版,4600,100,30
2026-07-21 01:49:02,4,6653,Chainghgss,2500,100,12
2026-07-21 01:49:02,58,2831,ssss,4600,100,27
2026-07-21 01:49:02,186,2714,75sirBbot,5250,100,27
2026-07-21 01:49:02,77,5302,WREN,2400,100,12
2026-07-21 01:49:02,47,3496,Chaing8xpt,4550,100,28
2026-07-21 01:49:02,153,2732,先赚一个小目标,4750,100,23
2026-07-21 01:49:02,157,2418,jieni3,5150,93.33,7
2026-07-21 01:49:02,5,2366,TrungMinh,2650,100,13
2026-07-21 01:49:02,172,2756,Rahmann,4700,93.33,13
2026-07-21 01:49:02,94,2420,airwalker 1,4900,100,28
2026-07-21 01:49:02,7,5949,Chainge8yz,2700,100,14
2026-07-21 01:49:02,214,2764,Rahman 2,3600,60,1
2026-07-21 01:49:02,135,2498,CHO1,3950,100,21
2026-07-21 01:49:02,108,4764,Chaingq55i,3600,93.33,13
2026-07-21 01:49:02,173,4259,3cryptobot,4550,100,27
2026-07-21 01:49:02,8,6714,Rose,3200,100,18
2026-07-21 01:49:02,182,3223,crazy兔子,2800,100,15
2026-07-21 01:49:02,179,3035,DDda,4800,100,25
2026-07-21 01:49:02,200,2398,jieni4,4450,80,5
2026-07-21 01:49:02,120,2904,Gabriel,4500,100,26
2026-07-21 01:49:02,9,9390,格格,3000,100,19
2026-07-21 01:49:02,190,3070,bobo,3950,100,20
2026-07-21 01:49:02,184,3044,Joye,4400,100,25
2026-07-21 01:49:02,43,3313,Shakotboos,2750,100,12
2026-07-21 01:49:02,50,2870,faxb,4600,100,26
2026-07-21 01:49:02,10,6575,Chaingjp85,2850,100,16
2026-07-21 01:49:02,13,4818,Genevieve,3700,100,19
2026-07-21 01:49:02,198,2447,Heborr,4000,100,21
2026-07-21 01:49:02,150,3065,Hasino,4250,100,23
2026-07-21 01:49:02,19,5243,0g-2821,4100,100,25
2026-07-21 01:49:02,11,6013,jijioulei22,2900,100,13
2026-07-21 01:49:02,166,2671,AI01,4650,100,23
2026-07-21 01:49:02,148,2444,ZzWorld,3700,100,21
2026-07-21 01:49:02,106,2712,Gabriel,3600,100,17
2026-07-21 05:12:23,36,3314,象牙山老四,5500,100,36
2026-07-21 05:12:23,1,4775,Xabong0G,2900,100,13
2026-07-21 05:12:23,99,3072,00dao,5250,100,31
2026-07-21 05:12:23,6,13298,WIZ,9560,100,8
2026-07-21 05:12:23,64,3005,MiniT,5200,100,34
2026-07-21 05:12:23,20,3498,Chaingwfz5,5250,100,34
2026-07-21 05:12:23,189,2507,3号机器狗,3050,100,13
2026-07-21 05:12:23,2,5915,Sunf,2700,100,13
2026-07-21 05:12:23,46,2854,小目标真情版,5050,100,32
2026-07-21 05:12:23,161,4765,Chaingnoao,3050,100,16
2026-07-21 05:12:23,76,4784,SmallT,4850,100,32
2026-07-21 05:12:23,3,5969,Chaing985e,3000,100,15
2026-07-21 05:12:23,60,2622,RixFi,4950,100,18
2026-07-21 05:12:23,211,2511,2号机器狗,2750,93.33,5
2026-07-21 05:12:23,82,2658,Crenz.Crypto,4150,100,25
2026-07-21 05:12:23,37,3142,小目标摩羯版,4600,100,30
2026-07-21 05:12:23,4,6653,Chainghgss,2500,100,12
2026-07-21 05:12:23,58,2831,ssss,4600,100,27
2026-07-21 05:12:23,186,2714,75sirBbot,5250,100,27
2026-07-21 05:12:23,78,5302,WREN,2400,100,12
2026-07-21 05:12:23,47,3496,Chaing8xpt,4550,100,28
2026-07-21 05:12:23,153,2732,先赚一个小目标,4750,100,23
2026-07-21 05:12:23,157,2418,jieni3,5150,93.33,7
2026-07-21 05:12:23,5,2366,TrungMinh,2650,100,13
2026-07-21 05:12:23,173,2756,Rahmann,4700,93.33,13
2026-07-21 05:12:23,94,2420,airwalker 1,4900,100,28
2026-07-21 05:12:23,7,5949,Chainge8yz,2700,100,14
2026-07-21 05:12:23,214,2764,Rahman 2,3600,60,1
2026-07-21 05:12:23,135,2498,CHO1,3950,100,21
2026-07-21 05:12:23,108,4764,Chaingq55i,3600,93.33,13
2026-07-21 05:12:23,172,4259,3cryptobot,4550,100,27
2026-07-21 05:12:23,8,6714,Rose,3200,100,18
2026-07-21 05:12:23,182,3223,crazy兔子,2800,100,15
2026-07-21 05:12:23,179,3035,DDda,4800,100,25
2026-07-21 05:12:23,200,2398,jieni4,4450,80,5
2026-07-21 05:12:23,120,2904,Gabriel,4500,100,26
2026-07-21 05:12:23,9,9390,格格,3000,100,19
2026-07-21 05:12:23,190,3070,bobo,3950,100,20
2026-07-21 05:12:23,184,3044,Joye,4400,100,25
2026-07-21 05:12:23,43,3313,Shakotboos,2750,100,12
2026-07-21 05:12:23,50,2870,faxb,4600,100,26
2026-07-21 05:12:23,10,6575,Chaingjp85,2850,100,16
2026-07-21 05:12:23,12,4818,Genevieve,3700,100,19
2026-07-21 05:12:23,198,2447,Heborr,4000,100,21
2026-07-21 05:12:23,150,3065,Hasino,4250,100,23
2026-07-21 05:12:23,19,5243,0g-2821,4100,100,25
2026-07-21 05:12:23,11,6013,jijioulei22,2900,100,13
2026-07-21 05:12:23,166,2671,AI01,4650,100,23
2026-07-21 05:12:23,148,2444,ZzWorld,3700,100,21
2026-07-21 05:12:23,106,2712,Gabriel,3600,100,17
2026-07-21 05:25:58,36,3314,象牙山老四,5500,100,36
2026-07-21 05:25:58,1,4775,Xabong0G,2900,100,13
2026-07-21 05:25:58,99,3072,00dao,5250,100,31
2026-07-21 05:25:58,6,13298,WIZ,9560,100,8
2026-07-21 05:25:58,64,3005,MiniT,5200,100,34
2026-07-21 05:25:58,20,3498,Chaingwfz5,5250,100,34
2026-07-21 05:25:58,189,2507,3号机器狗,3050,100,13
2026-07-21 05:25:58,2,5915,Sunf,2700,100,13
2026-07-21 05:25:58,46,2854,小目标真情版,5050,100,32
2026-07-21 05:25:58,161,4765,Chaingnoao,3050,100,16
2026-07-21 05:25:58,76,4784,SmallT,4850,100,32
2026-07-21 05:25:58,3,5969,Chaing985e,3000,100,15
2026-07-21 05:25:58,60,2622,RixFi,4950,100,18
2026-07-21 05:25:58,211,2511,2号机器狗,2750,93.33,5
2026-07-21 05:25:58,82,2658,Crenz.Crypto,4150,100,25
2026-07-21 05:25:58,37,3142,小目标摩羯版,4600,100,30
2026-07-21 05:25:58,4,6653,Chainghgss,2500,100,12
2026-07-21 05:25:58,58,2831,ssss,4600,100,27
2026-07-21 05:25:58,186,2714,75sirBbot,5250,100,27
2026-07-21 05:25:58,78,5302,WREN,2400,100,12
2026-07-21 05:25:58,47,3496,Chaing8xpt,4550,100,28
2026-07-21 05:25:58,153,2732,先赚一个小目标,4750,100,23
2026-07-21 05:25:58,157,2418,jieni3,5150,93.33,7
2026-07-21 05:25:58,5,2366,TrungMinh,2650,100,13
2026-07-21 05:25:58,173,2756,Rahmann,4700,93.33,13
2026-07-21 05:25:58,94,2420,airwalker 1,4900,100,28
2026-07-21 05:25:58,7,5949,Chainge8yz,2700,100,14
2026-07-21 05:25:58,214,2764,Rahman 2,3600,60,1
2026-07-21 05:25:58,135,2498,CHO1,3950,100,21
2026-07-21 05:25:58,108,4764,Chaingq55i,3600,93.33,13
2026-07-21 05:25:58,172,4259,3cryptobot,4550,100,27
2026-07-21 05:25:58,8,6714,Rose,3200,100,18
2026-07-21 05:25:58,182,3223,crazy兔子,2800,100,15
2026-07-21 05:25:58,179,3035,DDda,4800,100,25
2026-07-21 05:25:58,200,2398,jieni4,4450,80,5
2026-07-21 05:25:58,120,2904,Gabriel,4500,100,26
2026-07-21 05:25:58,9,9390,格格,3000,100,19
2026-07-21 05:25:58,190,3070,bobo,3950,100,20
2026-07-21 05:25:58,184,3044,Joye,4400,100,25
2026-07-21 05:25:58,43,3313,Shakotboos,2750,100,12
2026-07-21 05:25:58,50,2870,faxb,4600,100,26
2026-07-21 05:25:58,10,6575,Chaingjp85,2850,100,16
2026-07-21 05:25:58,12,4818,Genevieve,3700,100,19
2026-07-21 05:25:58,198,2447,Heborr,4000,100,21
2026-07-21 05:25:58,150,3065,Hasino,4250,100,23
2026-07-21 05:25:58,19,5243,0g-2821,4100,100,25
2026-07-21 05:25:58,11,6013,jijioulei22,2900,100,13
2026-07-21 05:25:58,166,2671,AI01,4650,100,23
2026-07-21 05:25:58,148,2444,ZzWorld,3700,100,21
2026-07-21 05:25:58,106,2712,Gabriel,3600,100,17
2026-07-21 08:09:15,36,3314,象牙山老四,5500,100,36
2026-07-21 08:09:15,1,4775,Xabong0G,2900,100,13
2026-07-21 08:09:15,104,3072,00dao,5250,100,31
2026-07-21 08:09:15,6,13298,WIZ,9560,100,8
2026-07-21 08:09:15,63,3005,MiniT,5200,100,34
2026-07-21 08:09:15,25,3498,Chaingwfz5,5250,100,34
2026-07-21 08:09:15,189,2507,3号机器狗,3050,100,13
2026-07-21 08:09:15,2,5915,Sunf,2700,100,13
2026-07-21 08:09:15,45,2854,小目标真情版,5050,100,32
2026-07-21 08:09:15,160,4765,Chaingnoao,3050,100,16
2026-07-21 08:09:15,74,4784,SmallT,4850,100,32
2026-07-21 08:09:15,3,5969,Chaing985e,3000,100,15
2026-07-21 08:09:15,58,2622,RixFi,4950,100,18
2026-07-21 08:09:15,211,2511,2号机器狗,2750,93.33,5
2026-07-21 08:09:15,86,2658,Crenz.Crypto,4150,100,25
2026-07-21 08:09:15,37,3142,小目标摩羯版,4600,100,30
2026-07-21 08:09:15,4,6653,Chainghgss,2500,100,12
2026-07-21 08:09:15,57,2831,ssss,4600,100,27
2026-07-21 08:09:15,186,2714,75sirBbot,5250,100,27
2026-07-21 08:09:15,76,5302,WREN,2400,100,12
2026-07-21 08:09:15,56,3496,Chaing8xpt,4550,100,28
2026-07-21 08:09:15,156,2732,先赚一个小目标,4750,100,23
2026-07-21 08:09:15,159,2418,jieni3,5150,93.33,7
2026-07-21 08:09:15,5,2366,TrungMinh,2650,100,13
2026-07-21 08:09:15,177,2756,Rahmann,4700,93.33,13
2026-07-21 08:09:15,93,2420,airwalker 1,4900,100,28
2026-07-21 08:09:15,7,5949,Chainge8yz,2700,100,14
2026-07-21 08:09:15,214,2764,Rahman 2,3600,60,1
2026-07-21 08:09:15,134,2498,CHO1,3950,100,21
2026-07-21 08:09:15,106,4764,Chaingq55i,3600,93.33,13
2026-07-21 08:09:15,172,4259,3cryptobot,4550,100,27
2026-07-21 08:09:15,8,6714,Rose,3200,100,18
2026-07-21 08:09:15,182,3223,crazy兔子,2800,100,15
2026-07-21 08:09:15,178,3035,DDda,4800,100,25
2026-07-21 08:09:15,199,2398,jieni4,4450,80,5
2026-07-21 08:09:15,118,2904,Gabriel,4500,100,26
2026-07-21 08:09:15,9,9390,格格,3000,100,19
2026-07-21 08:09:15,190,3070,bobo,3950,100,20
2026-07-21 08:09:15,185,3044,Joye,4400,100,25
2026-07-21 08:09:15,43,3313,Shakotboos,2750,100,12
2026-07-21 08:09:15,49,2870,faxb,4600,100,26
2026-07-21 08:09:15,10,6575,Chaingjp85,2850,100,16
2026-07-21 08:09:15,13,4818,Genevieve,3700,100,19
2026-07-21 08:09:15,197,2447,Heborr,4000,100,21
2026-07-21 08:09:15,150,3065,Hasino,4250,100,23
2026-07-21 08:09:15,19,5243,0g-2821,4100,100,25
2026-07-21 08:09:15,11,6013,jijioulei22,2900,100,13
2026-07-21 08:09:15,166,2671,AI01,4650,100,23
2026-07-21 08:09:15,148,2444,ZzWorld,3700,100,21
2026-07-21 08:09:15,110,2712,Gabriel,3600,100,17
2026-07-21 10:57:26,38,3314,象牙山老四,5500,100,36
2026-07-21 10:57:26,1,4775,Xabong0G,2900,100,13
2026-07-21 10:57:26,100,3072,00dao,5250,100,31
2026-07-21 10:57:26,7,13298,WIZ,9560,100,8
2026-07-21 10:57:26,58,3005,MiniT,5200,100,34
2026-07-21 10:57:26,19,3498,Chaingwfz5,5250,100,34
2026-07-21 10:57:26,191,2507,3号机器狗,3050,100,13
2026-07-21 10:57:26,2,5915,Sunf,2700,100,13
2026-07-21 10:57:26,47,2854,小目标真情版,5050,100,32
2026-07-21 10:57:26,155,4765,Chaingnoao,3050,100,16
2026-07-21 10:57:26,69,4784,SmallT,4850,100,32
2026-07-21 10:57:26,3,5969,Chaing985e,3000,100,15
2026-07-21 10:57:26,50,2622,RixFi,4950,100,18
2026-07-21 10:57:26,211,2511,2号机器狗,2750,93.33,5
2026-07-21 10:57:26,101,2658,Crenz.Crypto,4150,100,25
2026-07-21 10:57:26,39,3142,小目标摩羯版,4600,100,30
2026-07-21 10:57:26,4,6653,Chainghgss,2500,100,12
2026-07-21 10:57:26,63,2831,ssss,4600,100,27
2026-07-21 10:57:26,187,2714,75sirBbot,5250,100,27
2026-07-21 10:57:26,83,5302,WREN,2400,100,12
2026-07-21 10:57:26,46,3496,Chaing8xpt,4550,100,28
2026-07-21 10:57:26,5,9390,格格,3000,100,19
2026-07-21 10:57:26,152,2732,先赚一个小目标,4750,100,23
2026-07-21 10:57:26,156,2418,jieni3,5150,93.33,7
2026-07-21 10:57:26,171,2756,Rahmann,4700,93.33,13
2026-07-21 10:57:26,86,2420,airwalker 1,4900,100,28
2026-07-21 10:57:26,214,2764,Rahman 2,3600,60,1
2026-07-21 10:57:26,133,2498,CHO1,3950,100,21
2026-07-21 10:57:26,6,2366,TrungMinh,2650,100,13
2026-07-21 10:57:26,96,4764,Chaingq55i,3600,93.33,13
2026-07-21 10:57:26,180,4259,3cryptobot,4550,100,27
2026-07-21 10:57:26,8,5949,Chainge8yz,2700,100,14
2026-07-21 10:57:26,185,3223,crazy兔子,2800,100,15
2026-07-21 10:57:26,173,3035,DDda,4800,100,25
2026-07-21 10:57:26,201,2398,jieni4,4450,80,5
2026-07-21 10:57:26,111,2904,Gabriel,4500,100,26
2026-07-21 10:57:26,9,6714,Rose,3200,100,18
2026-07-21 10:57:26,188,3070,bobo,3950,100,20
2026-07-21 10:57:26,184,3044,Joye,4400,100,25
2026-07-21 10:57:26,42,3313,Shakotboos,2750,100,12
2026-07-21 10:57:26,44,2870,faxb,4600,100,26
2026-07-21 10:57:26,10,6575,Chaingjp85,2850,100,16
2026-07-21 10:57:26,12,4818,Genevieve,3700,100,19
2026-07-21 10:57:26,198,2447,Heborr,4000,100,21
2026-07-21 10:57:26,147,3065,Hasino,4250,100,23
2026-07-21 10:57:26,27,5243,0g-2821,4100,100,25
2026-07-21 10:57:26,11,6013,jijioulei22,2900,100,13
2026-07-21 10:57:26,167,2671,AI01,4650,100,23
2026-07-21 10:57:26,151,2444,ZzWorld,3700,100,21
2026-07-21 10:57:26,115,2712,Gabriel,3600,100,17
2026-07-21 12:22:36,38,3314,象牙山老四,5500,100,36
2026-07-21 12:22:36,1,4775,Xabong0G,2900,100,13
2026-07-21 12:22:36,99,3072,00dao,5250,100,31
2026-07-21 12:22:36,7,13298,WIZ,9560,100,8
2026-07-21 12:22:36,57,3005,MiniT,5200,100,34
2026-07-21 12:22:36,19,3498,Chaingwfz5,5250,100,34
2026-07-21 12:22:36,191,2507,3号机器狗,3050,100,13
2026-07-21 12:22:36,2,5915,Sunf,2700,100,13
2026-07-21 12:22:36,46,2854,小目标真情版,5050,100,32
2026-07-21 12:22:36,155,4765,Chaingnoao,3050,100,16
2026-07-21 12:22:36,69,4784,SmallT,4850,100,32
2026-07-21 12:22:36,3,5969,Chaing985e,3000,100,15
2026-07-21 12:22:36,50,2622,RixFi,4950,100,18
2026-07-21 12:22:36,211,2511,2号机器狗,2750,93.33,5
2026-07-21 12:22:36,100,2658,Crenz.Crypto,4150,100,25
2026-07-21 12:22:36,39,3142,小目标摩羯版,4600,100,30
2026-07-21 12:22:36,4,6653,Chainghgss,2500,100,12
2026-07-21 12:22:36,61,2831,ssss,4600,100,27
2026-07-21 12:22:36,187,2714,75sirBbot,5250,100,27
2026-07-21 12:22:36,82,5302,WREN,2400,100,12
2026-07-21 12:22:36,45,3496,Chaing8xpt,4550,100,28
2026-07-21 12:22:36,5,9390,格格,3000,100,19
2026-07-21 12:22:36,152,2732,先赚一个小目标,4750,100,23
2026-07-21 12:22:36,156,2418,jieni3,5150,93.33,7
2026-07-21 12:22:36,171,2756,Rahmann,4700,93.33,13
2026-07-21 12:22:36,86,2420,airwalker 1,4900,100,28
2026-07-21 12:22:36,214,2764,Rahman 2,3600,60,1
2026-07-21 12:22:36,133,2498,CHO1,3950,100,21
2026-07-21 12:22:36,6,2366,TrungMinh,2650,100,13
2026-07-21 12:22:36,95,4764,Chaingq55i,3600,93.33,13
2026-07-21 12:22:36,178,4259,3cryptobot,4550,100,27
2026-07-21 12:22:36,8,5949,Chainge8yz,2700,100,14
2026-07-21 12:22:36,185,3223,crazy兔子,2800,100,15
2026-07-21 12:22:36,173,3035,DDda,4800,100,25
2026-07-21 12:22:36,201,2398,jieni4,4450,80,5
2026-07-21 12:22:36,111,2904,Gabriel,4500,100,26
2026-07-21 12:22:36,9,6714,Rose,3200,100,18
2026-07-21 12:22:36,188,3070,bobo,3950,100,20
2026-07-21 12:22:36,184,3044,Joye,4400,100,25
2026-07-21 12:22:36,48,3313,Shakotboos,2750,100,12
2026-07-21 12:22:36,43,2870,faxb,4600,100,26
2026-07-21 12:22:36,10,6575,Chaingjp85,2850,100,16
2026-07-21 12:22:36,12,4818,Genevieve,3700,100,19
2026-07-21 12:22:36,198,2447,Heborr,4000,100,21
2026-07-21 12:22:36,149,3065,Hasino,4250,100,23
2026-07-21 12:22:36,27,5243,0g-2821,4100,100,25
2026-07-21 12:22:36,11,6013,jijioulei22,2900,100,13
2026-07-21 12:22:36,167,2671,AI01,4650,100,23
2026-07-21 12:22:36,151,2444,ZzWorld,3700,100,21
2026-07-21 12:22:36,115,2712,Gabriel,3600,100,17
2026-07-21 14:56:22,38,3314,象牙山老四,5500,100,36
2026-07-21 14:56:22,1,4775,Xabong0G,2900,100,13
2026-07-21 14:56:22,99,3072,00dao,5250,100,31
2026-07-21 14:56:22,7,13298,WIZ,9560,100,8
2026-07-21 14:56:22,57,3005,MiniT,5200,100,34
2026-07-21 14:56:22,18,3498,Chaingwfz5,5250,100,34
2026-07-21 14:56:22,190,2507,3号机器狗,3050,100,13
2026-07-21 14:56:22,2,5915,Sunf,2700,100,13
2026-07-21 14:56:22,45,2854,小目标真情版,5050,100,32
2026-07-21 14:56:22,154,4765,Chaingnoao,3050,100,16
2026-07-21 14:56:22,69,4784,SmallT,4850,100,32
2026-07-21 14:56:22,3,5969,Chaing985e,3000,100,15
2026-07-21 14:56:22,50,2622,RixFi,4950,100,18
2026-07-21 14:56:22,211,2511,2号机器狗,2750,93.33,5
2026-07-21 14:56:22,100,2658,Crenz.Crypto,4150,100,25
2026-07-21 14:56:22,39,3142,小目标摩羯版,4600,100,30
2026-07-21 14:56:22,4,6653,Chainghgss,2500,100,12
2026-07-21 14:56:22,66,2831,ssss,4600,100,27
2026-07-21 14:56:22,187,2714,75sirBbot,5250,100,27
2026-07-21 14:56:22,80,5302,WREN,2400,100,12
2026-07-21 14:56:22,44,3496,Chaing8xpt,4550,100,28
2026-07-21 14:56:22,5,9390,格格,3000,100,19
2026-07-21 14:56:22,152,2732,先赚一个小目标,4750,100,23
2026-07-21 14:56:22,155,2418,jieni3,5150,93.33,7
2026-07-21 14:56:22,171,2756,Rahmann,4700,93.33,13
2026-07-21 14:56:22,86,2420,airwalker 1,4900,100,28
2026-07-21 14:56:22,214,2764,Rahman 2,3600,60,1
2026-07-21 14:56:22,133,2498,CHO1,3950,100,21
2026-07-21 14:56:22,6,2366,TrungMinh,2650,100,13
2026-07-21 14:56:22,94,4764,Chaingq55i,3600,93.33,13
2026-07-21 14:56:22,178,4259,3cryptobot,4550,100,27
2026-07-21 14:56:22,8,5949,Chainge8yz,2700,100,14
2026-07-21 14:56:22,186,3223,crazy兔子,2800,100,15
2026-07-21 14:56:22,173,3035,DDda,4800,100,25
2026-07-21 14:56:22,200,2398,jieni4,4450,80,5
2026-07-21 14:56:22,109,2904,Gabriel,4500,100,26
2026-07-21 14:56:22,9,6714,Rose,3200,100,18
2026-07-21 14:56:22,188,3070,bobo,3950,100,20
2026-07-21 14:56:22,184,3044,Joye,4400,100,25
2026-07-21 14:56:22,48,3313,Shakotboos,2750,100,12
2026-07-21 14:56:22,42,2870,faxb,4600,100,26
2026-07-21 14:56:22,10,6575,Chaingjp85,2850,100,16
2026-07-21 14:56:22,12,4818,Genevieve,3700,100,19
2026-07-21 14:56:22,198,2447,Heborr,4000,100,21
2026-07-21 14:56:22,149,3065,Hasino,4250,100,23
2026-07-21 14:56:22,27,5243,0g-2821,4100,100,25
2026-07-21 14:56:22,11,6013,jijioulei22,2900,100,13
2026-07-21 14:56:22,169,2671,AI01,4650,100,23
2026-07-21 14:56:22,151,2444,ZzWorld,3700,100,21
2026-07-21 14:56:22,114,2712,Gabriel,3600,100,17
2026-07-21 16:18:40,38,3314,象牙山老四,5500,100,36
2026-07-21 16:18:40,1,4775,Xabong0G,2900,100,13
2026-07-21 16:18:40,98,3072,00dao,5250,100,31
2026-07-21 16:18:40,7,13298,WIZ,9560,100,8
2026-07-21 16:18:40,62,3005,MiniT,5200,100,34
2026-07-21 16:18:40,17,3498,Chaingwfz5,5250,100,34
2026-07-21 16:18:40,190,2507,3号机器狗,3050,100,13
2026-07-21 16:18:40,2,5915,Sunf,2700,100,13
2026-07-21 16:18:40,45,2854,小目标真情版,5050,100,32
2026-07-21 16:18:40,154,4765,Chaingnoao,3050,100,16
2026-07-21 16:18:40,69,4784,SmallT,4850,100,32
2026-07-21 16:18:40,3,5969,Chaing985e,3000,100,15
2026-07-21 16:18:40,50,2622,RixFi,4950,100,18
2026-07-21 16:18:40,211,2511,2号机器狗,2750,93.33,5
2026-07-21 16:18:40,99,2658,Crenz.Crypto,4150,100,25
2026-07-21 16:18:40,39,3142,小目标摩羯版,4600,100,30
2026-07-21 16:18:40,4,6653,Chainghgss,2500,100,12
2026-07-21 16:18:40,66,2831,ssss,4600,100,27
2026-07-21 16:18:40,187,2714,75sirBbot,5250,100,27
2026-07-21 16:18:40,80,5302,WREN,2400,100,12
2026-07-21 16:18:40,44,3496,Chaing8xpt,4550,100,28
2026-07-21 16:18:40,5,9390,格格,3000,100,19
2026-07-21 16:18:40,151,2732,先赚一个小目标,4750,100,23
2026-07-21 16:18:40,155,2418,jieni3,5150,93.33,7
2026-07-21 16:18:40,170,2756,Rahmann,4700,93.33,13
2026-07-21 16:18:40,86,2420,airwalker 1,4900,100,28
2026-07-21 16:18:40,214,2764,Rahman 2,3600,60,1
2026-07-21 16:18:40,132,2498,CHO1,3950,100,21
2026-07-21 16:18:40,6,2366,TrungMinh,2650,100,13
2026-07-21 16:18:40,94,4764,Chaingq55i,3600,93.33,13
2026-07-21 16:18:40,178,4259,3cryptobot,4550,100,27
2026-07-21 16:18:40,8,5949,Chainge8yz,2700,100,14
2026-07-21 16:18:40,186,3223,crazy兔子,2800,100,15
2026-07-21 16:18:40,173,3035,DDda,4800,100,25
2026-07-21 16:18:40,200,2398,jieni4,4450,80,5
2026-07-21 16:18:40,109,2904,Gabriel,4500,100,26
2026-07-21 16:18:40,9,6714,Rose,3200,100,18
2026-07-21 16:18:40,188,3070,bobo,3950,100,20
2026-07-21 16:18:40,184,3044,Joye,4400,100,25
2026-07-21 16:18:40,48,3313,Shakotboos,2750,100,12
2026-07-21 16:18:40,42,2870,faxb,4600,100,26
2026-07-21 16:18:40,10,6575,Chaingjp85,2850,100,16
2026-07-21 16:18:40,12,4818,Genevieve,3700,100,19
2026-07-21 16:18:40,198,2447,Heborr,4000,100,21
2026-07-21 16:18:40,148,3065,Hasino,4250,100,23
2026-07-21 16:18:40,27,5243,0g-2821,4100,100,25
2026-07-21 16:18:40,11,6013,jijioulei22,2900,100,13
2026-07-21 16:18:40,168,2671,AI01,4650,100,23
2026-07-21 16:18:40,150,2444,ZzWorld,3700,100,21
2026-07-21 16:18:40,114,2712,Gabriel,3600,100,17
2026-07-21 18:10:34,35,3314,象牙山老四,5500,100,36
2026-07-21 18:10:34,1,4775,Xabong0G,2900,100,13
2026-07-21 18:10:34,103,3072,00dao,5250,100,31
2026-07-21 18:10:34,6,13298,WIZ,9560,100,8
2026-07-21 18:10:34,60,3005,MiniT,5200,100,34
2026-07-21 18:10:34,13,3498,Chaingwfz5,5250,100,34
2026-07-21 18:10:34,190,2507,3号机器狗,3050,100,13
2026-07-21 18:10:34,2,5915,Sunf,2700,100,13
2026-07-21 18:10:34,45,2854,小目标真情版,5050,100,32
2026-07-21 18:10:34,159,4765,Chaingnoao,3050,100,16
2026-07-21 18:10:34,66,4784,SmallT,4850,100,32
2026-07-21 18:10:34,3,5969,Chaing985e,3000,100,15
2026-07-21 18:10:34,56,2622,RixFi,4950,100,18
2026-07-21 18:10:34,211,2511,2号机器狗,2750,93.33,5
2026-07-21 18:10:34,94,2658,Crenz.Crypto,4150,100,25
2026-07-21 18:10:34,31,3142,小目标摩羯版,4600,100,30
2026-07-21 18:10:34,4,6653,Chainghgss,2500,100,12
2026-07-21 18:10:34,63,2831,ssss,4600,100,27
2026-07-21 18:10:34,188,2714,75sirBbot,5250,100,27
2026-07-21 18:10:34,79,5302,WREN,2400,100,12
2026-07-21 18:10:34,46,3496,Chaing8xpt,4550,100,28
2026-07-21 18:10:34,147,2732,先赚一个小目标,4750,100,23
2026-07-21 18:10:34,152,2418,jieni3,5150,93.33,7
2026-07-21 18:10:34,5,2366,TrungMinh,2650,100,13
2026-07-21 18:10:34,170,2756,Rahmann,4700,93.33,13
2026-07-21 18:10:34,91,2420,airwalker 1,4900,100,28
2026-07-21 18:10:34,7,5949,Chainge8yz,2700,100,14
2026-07-21 18:10:34,214,2764,Rahman 2,3600,60,1
2026-07-21 18:10:34,137,2498,CHO1,3950,100,21
2026-07-21 18:10:34,98,4764,Chaingq55i,3600,93.33,13
2026-07-21 18:10:34,182,4259,3cryptobot,4550,100,27
2026-07-21 18:10:34,8,6714,Rose,3200,100,18
2026-07-21 18:10:34,186,3223,crazy兔子,2800,100,15
2026-07-21 18:10:34,177,3035,DDda,4800,100,25
2026-07-21 18:10:34,199,2398,jieni4,4450,80,5
2026-07-21 18:10:34,109,2904,Gabriel,4500,100,26
2026-07-21 18:10:34,9,6659,Chaing05sz,2850,100,17
2026-07-21 18:10:34,189,3070,bobo,3950,100,20
2026-07-21 18:10:34,180,3044,Joye,4400,100,25
2026-07-21 18:10:34,48,3313,Shakotboos,2750,100,12
2026-07-21 18:10:34,42,2870,faxb,4600,100,26
2026-07-21 18:10:34,10,9390,格格,3000,100,19
2026-07-21 18:10:34,14,4818,Genevieve,3700,100,19
2026-07-21 18:10:34,201,2447,Heborr,4000,100,21
2026-07-21 18:10:34,148,3065,Hasino,4250,100,23
2026-07-21 18:10:34,21,5243,0g-2821,4100,100,25
2026-07-21 18:10:34,11,6013,jijioulei22,2900,100,13
2026-07-21 18:10:34,164,2671,AI01,4650,100,23
2026-07-21 18:10:34,156,2444,ZzWorld,3700,100,21
2026-07-21 18:10:34,115,2712,Gabriel,3600,100,17
2026-07-21 20:14:30,35,3314,象牙山老四,5500,100,36
2026-07-21 20:14:30,1,4775,Xabong0G,2900,100,13
2026-07-21 20:14:30,103,3072,00dao,5250,100,31
2026-07-21 20:14:30,6,13298,WIZ,9560,100,8
2026-07-21 20:14:30,60,3005,MiniT,5200,100,34
2026-07-21 20:14:30,13,3498,Chaingwfz5,5250,100,34
2026-07-21 20:14:30,190,2507,3号机器狗,3050,100,13
2026-07-21 20:14:30,2,5915,Sunf,2700,100,13
2026-07-21 20:14:30,45,2854,小目标真情版,5050,100,32
2026-07-21 20:14:30,159,4765,Chaingnoao,3050,100,16
2026-07-21 20:14:30,66,4784,SmallT,4850,100,32
2026-07-21 20:14:30,3,5969,Chaing985e,3000,100,15
2026-07-21 20:14:30,56,2622,RixFi,4950,100,18
2026-07-21 20:14:30,211,2511,2号机器狗,2750,93.33,5
2026-07-21 20:14:30,94,2658,Crenz.Crypto,4150,100,25
2026-07-21 20:14:30,31,3142,小目标摩羯版,4600,100,30
2026-07-21 20:14:30,4,6653,Chainghgss,2500,100,12
2026-07-21 20:14:30,63,2831,ssss,4600,100,27
2026-07-21 20:14:30,188,2714,75sirBbot,5250,100,27
2026-07-21 20:14:30,79,5302,WREN,2400,100,12
2026-07-21 20:14:30,46,3496,Chaing8xpt,4550,100,28
2026-07-21 20:14:30,147,2732,先赚一个小目标,4750,100,23
2026-07-21 20:14:30,152,2418,jieni3,5150,93.33,7
2026-07-21 20:14:30,5,2366,TrungMinh,2650,100,13
2026-07-21 20:14:30,170,2756,Rahmann,4700,93.33,13
2026-07-21 20:14:30,91,2420,airwalker 1,4900,100,28
2026-07-21 20:14:30,7,5949,Chainge8yz,2700,100,14
2026-07-21 20:14:30,214,2764,Rahman 2,3600,60,1
2026-07-21 20:14:30,137,2498,CHO1,3950,100,21
2026-07-21 20:14:30,98,4764,Chaingq55i,3600,93.33,13
2026-07-21 20:14:30,182,4259,3cryptobot,4550,100,27
2026-07-21 20:14:30,8,6714,Rose,3200,100,18
2026-07-21 20:14:30,186,3223,crazy兔子,2800,100,15
2026-07-21 20:14:30,177,3035,DDda,4800,100,25
2026-07-21 20:14:30,199,2398,jieni4,4450,80,5
2026-07-21 20:14:30,109,2904,Gabriel,4500,100,26
2026-07-21 20:14:30,9,6659,Chaing05sz,2850,100,17
2026-07-21 20:14:30,189,3070,bobo,3950,100,20
2026-07-21 20:14:30,180,3044,Joye,4400,100,25
2026-07-21 20:14:30,48,3313,Shakotboos,2750,100,12
2026-07-21 20:14:30,42,2870,faxb,4600,100,26
2026-07-21 20:14:30,10,9390,格格,3000,100,19
2026-07-21 20:14:30,14,4818,Genevieve,3700,100,19
2026-07-21 20:14:30,201,2447,Heborr,4000,100,21
2026-07-21 20:14:30,148,3065,Hasino,4250,100,23
2026-07-21 20:14:30,21,5243,0g-2821,4100,100,25
2026-07-21 20:14:30,11,6013,jijioulei22,2900,100,13
2026-07-21 20:14:30,164,2671,AI01,4650,100,23
2026-07-21 20:14:30,156,2444,ZzWorld,3700,100,21
2026-07-21 20:14:30,115,2712,Gabriel,3600,100,17
2026-07-21 21:56:07,35,3314,象牙山老四,5500,100,36
2026-07-21 21:56:07,1,4775,Xabong0G,2900,100,13
2026-07-21 21:56:07,103,3072,00dao,5250,100,31
2026-07-21 21:56:07,6,13298,WIZ,9560,100,8
2026-07-21 21:56:07,60,3005,MiniT,5200,100,34
2026-07-21 21:56:07,13,3498,Chaingwfz5,5250,100,34
2026-07-21 21:56:07,190,2507,3号机器狗,3050,100,13
2026-07-21 21:56:07,2,5915,Sunf,2700,100,13
2026-07-21 21:56:07,45,2854,小目标真情版,5050,100,32
2026-07-21 21:56:07,159,4765,Chaingnoao,3050,100,16
2026-07-21 21:56:07,66,4784,SmallT,4850,100,32
2026-07-21 21:56:07,3,5969,Chaing985e,3000,100,15
2026-07-21 21:56:07,56,2622,RixFi,4950,100,18
2026-07-21 21:56:07,211,2511,2号机器狗,2750,93.33,5
2026-07-21 21:56:07,94,2658,Crenz.Crypto,4150,100,25
2026-07-21 21:56:07,31,3142,小目标摩羯版,4600,100,30
2026-07-21 21:56:07,4,6653,Chainghgss,2500,100,12
2026-07-21 21:56:07,63,2831,ssss,4600,100,27
2026-07-21 21:56:07,188,2714,75sirBbot,5250,100,27
2026-07-21 21:56:07,79,5302,WREN,2400,100,12
2026-07-21 21:56:07,46,3496,Chaing8xpt,4550,100,28
2026-07-21 21:56:07,147,2732,先赚一个小目标,4750,100,23
2026-07-21 21:56:07,152,2418,jieni3,5150,93.33,7
2026-07-21 21:56:07,5,2366,TrungMinh,2650,100,13
2026-07-21 21:56:07,170,2756,Rahmann,4700,93.33,13
2026-07-21 21:56:07,91,2420,airwalker 1,4900,100,28
2026-07-21 21:56:07,7,5949,Chainge8yz,2700,100,14
2026-07-21 21:56:07,214,2764,Rahman 2,3600,60,1
2026-07-21 21:56:07,136,2498,CHO1,3950,100,21
2026-07-21 21:56:07,98,4764,Chaingq55i,3600,93.33,13
2026-07-21 21:56:07,182,4259,3cryptobot,4550,100,27
2026-07-21 21:56:07,8,6659,Chaing05sz,2850,100,17
2026-07-21 21:56:07,186,3223,crazy兔子,2800,100,15
2026-07-21 21:56:07,177,3035,DDda,4800,100,25
2026-07-21 21:56:07,199,2398,jieni4,4450,80,5
2026-07-21 21:56:07,110,2904,Gabriel,4500,100,26
2026-07-21 21:56:07,9,9390,格格,3000,100,19
2026-07-21 21:56:07,189,3070,bobo,3950,100,20
2026-07-21 21:56:07,180,3044,Joye,4400,100,25
2026-07-21 21:56:07,48,3313,Shakotboos,2750,100,12
2026-07-21 21:56:07,42,2870,faxb,4600,100,26
2026-07-21 21:56:07,10,6013,jijioulei22,2900,100,13
2026-07-21 21:56:07,14,4818,Genevieve,3700,100,19
2026-07-21 21:56:07,201,2447,Heborr,4000,100,21
2026-07-21 21:56:07,148,3065,Hasino,4250,100,23
2026-07-21 21:56:07,21,5243,0g-2821,4100,100,25
2026-07-21 21:56:07,11,6575,Chaingjp85,2850,100,16
2026-07-21 21:56:07,164,2671,AI01,4650,100,23
2026-07-21 21:56:07,156,2444,ZzWorld,3700,100,21
2026-07-21 21:56:07,115,2712,Gabriel,3600,100,17
2026-07-21 22:48:43,35,3314,象牙山老四,5500,100,36
2026-07-21 22:48:43,1,4775,Xabong0G,2900,100,13
2026-07-21 22:48:43,103,3072,00dao,5250,100,31
2026-07-21 22:48:43,6,13298,WIZ,9560,100,8
2026-07-21 22:48:43,60,3005,MiniT,5200,100,34
2026-07-21 22:48:43,13,3498,Chaingwfz5,5250,100,34
2026-07-21 22:48:43,190,2507,3号机器狗,3050,100,13
2026-07-21 22:48:43,2,5915,Sunf,2700,100,13
2026-07-21 22:48:43,45,2854,小目标真情版,5050,100,32
2026-07-21 22:48:43,159,4765,Chaingnoao,3050,100,16
2026-07-21 22:48:43,66,4784,SmallT,4850,100,32
2026-07-21 22:48:43,3,5969,Chaing985e,3000,100,15
2026-07-21 22:48:43,56,2622,RixFi,4950,100,18
2026-07-21 22:48:43,211,2511,2号机器狗,2750,93.33,5
2026-07-21 22:48:43,94,2658,Crenz.Crypto,4150,100,25
2026-07-21 22:48:43,31,3142,小目标摩羯版,4600,100,30
2026-07-21 22:48:43,4,6653,Chainghgss,2500,100,12
2026-07-21 22:48:43,63,2831,ssss,4600,100,27
2026-07-21 22:48:43,188,2714,75sirBbot,5250,100,27
2026-07-21 22:48:43,79,5302,WREN,2400,100,12
2026-07-21 22:48:43,46,3496,Chaing8xpt,4550,100,28
2026-07-21 22:48:43,147,2732,先赚一个小目标,4750,100,23
2026-07-21 22:48:43,152,2418,jieni3,5150,93.33,7
2026-07-21 22:48:43,5,2366,TrungMinh,2650,100,13
2026-07-21 22:48:43,170,2756,Rahmann,4700,93.33,13
2026-07-21 22:48:43,91,2420,airwalker 1,4900,100,28
2026-07-21 22:48:43,7,5949,Chainge8yz,2700,100,14
2026-07-21 22:48:43,214,2764,Rahman 2,3600,60,1
2026-07-21 22:48:43,136,2498,CHO1,3950,100,21
2026-07-21 22:48:43,98,4764,Chaingq55i,3600,93.33,13
2026-07-21 22:48:43,182,4259,3cryptobot,4550,100,27
2026-07-21 22:48:43,8,6659,Chaing05sz,2850,100,17
2026-07-21 22:48:43,186,3223,crazy兔子,2800,100,15
2026-07-21 22:48:43,177,3035,DDda,4800,100,25
2026-07-21 22:48:43,199,2398,jieni4,4450,80,5
2026-07-21 22:48:43,110,2904,Gabriel,4500,100,26
2026-07-21 22:48:43,9,9390,格格,3000,100,19
2026-07-21 22:48:43,189,3070,bobo,3950,100,20
2026-07-21 22:48:43,180,3044,Joye,4400,100,25
2026-07-21 22:48:43,48,3313,Shakotboos,2750,100,12
2026-07-21 22:48:43,42,2870,faxb,4600,100,26
2026-07-21 22:48:43,10,6013,jijioulei22,2900,100,13
2026-07-21 22:48:43,14,4818,Genevieve,3700,100,19
2026-07-21 22:48:43,201,2447,Heborr,4000,100,21
2026-07-21 22:48:43,148,3065,Hasino,4250,100,23
2026-07-21 22:48:43,21,5243,0g-2821,4100,100,25
2026-07-21 22:48:43,11,6575,Chaingjp85,2850,100,16
2026-07-21 22:48:43,164,2671,AI01,4650,100,23
2026-07-21 22:48:43,156,2444,ZzWorld,3700,100,21
2026-07-21 22:48:43,115,2712,Gabriel,3600,100,17
2026-07-21 23:48:44,34,3314,象牙山老四,5500,100,36
2026-07-21 23:48:44,1,4775,Xabong0G,2900,100,13
2026-07-21 23:48:44,103,3072,00dao,5250,100,31
2026-07-21 23:48:44,6,13298,WIZ,9560,100,8
2026-07-21 23:48:44,60,3005,MiniT,5200,100,34
2026-07-21 23:48:44,12,3498,Chaingwfz5,5250,100,34
2026-07-21 23:48:44,191,2507,3号机器狗,3050,100,13
2026-07-21 23:48:44,2,5915,Sunf,2700,100,13
2026-07-21 23:48:44,43,2854,小目标真情版,5050,100,32
2026-07-21 23:48:44,159,4765,Chaingnoao,3050,100,16
2026-07-21 23:48:44,70,4784,SmallT,4850,100,32
2026-07-21 23:48:44,3,5969,Chaing985e,3000,100,15
2026-07-21 23:48:44,56,2622,RixFi,4950,100,18
2026-07-21 23:48:44,211,2511,2号机器狗,2750,93.33,5
2026-07-21 23:48:44,93,2658,Crenz.Crypto,4150,100,25
2026-07-21 23:48:44,31,3142,小目标摩羯版,4600,100,30
2026-07-21 23:48:44,4,6653,Chainghgss,2500,100,12
2026-07-21 23:48:44,63,2831,ssss,4600,100,27
2026-07-21 23:48:44,188,2714,75sirBbot,5250,100,27
2026-07-21 23:48:44,77,5302,WREN,2400,100,12
2026-07-21 23:48:44,44,3496,Chaing8xpt,4550,100,28
2026-07-21 23:48:44,146,2732,先赚一个小目标,4750,100,23
2026-07-21 23:48:44,152,2418,jieni3,5150,93.33,7
2026-07-21 23:48:44,5,2366,TrungMinh,2650,100,13
2026-07-21 23:48:44,169,2756,Rahmann,4700,93.33,13
2026-07-21 23:48:44,97,2420,airwalker 1,4900,100,28
2026-07-21 23:48:44,7,5949,Chainge8yz,2700,100,14
2026-07-21 23:48:44,214,2764,Rahman 2,3600,60,1
2026-07-21 23:48:44,136,2498,CHO1,3950,100,21
2026-07-21 23:48:44,98,4764,Chaingq55i,3600,93.33,13
2026-07-21 23:48:44,182,4259,3cryptobot,4550,100,27
2026-07-21 23:48:44,8,9390,格格,3000,100,19
2026-07-21 23:48:44,186,3223,crazy兔子,2800,100,15
2026-07-21 23:48:44,179,3035,DDda,4800,100,25
2026-07-21 23:48:44,199,2398,jieni4,4450,80,5
2026-07-21 23:48:44,110,2904,Gabriel,4500,100,26
2026-07-21 23:48:44,9,6013,jijioulei22,2900,100,13
2026-07-21 23:48:44,189,3070,bobo,3950,100,20
2026-07-21 23:48:44,180,3044,Joye,4400,100,25
2026-07-21 23:48:44,47,3313,Shakotboos,2750,100,12
2026-07-21 23:48:44,40,2870,faxb,4600,100,26
2026-07-21 23:48:44,10,6575,Chaingjp85,2850,100,16
2026-07-21 23:48:44,14,4818,Genevieve,3700,100,19
2026-07-21 23:48:44,201,2447,Heborr,4000,100,21
2026-07-21 23:48:44,147,3065,Hasino,4250,100,23
2026-07-21 23:48:44,20,5243,0g-2821,4100,100,25
2026-07-21 23:48:44,11,6714,Rose,3200,100,18
2026-07-21 23:48:44,164,2671,AI01,4650,100,23
2026-07-21 23:48:44,156,2444,ZzWorld,3700,100,21
2026-07-21 23:48:44,115,2712,Gabriel,3600,100,17
2026-07-22 01:47:30,34,3314,象牙山老四,5500,100,36
2026-07-22 01:47:30,1,4775,Xabong0G,2900,100,13
2026-07-22 01:47:30,103,3072,00dao,5250,100,31
2026-07-22 01:47:30,6,13298,WIZ,9560,100,8
2026-07-22 01:47:30,60,3005,MiniT,5200,100,34
2026-07-22 01:47:30,12,3498,Chaingwfz5,5250,100,34
2026-07-22 01:47:30,191,2507,3号机器狗,3050,100,13
2026-07-22 01:47:30,2,5915,Sunf,2700,100,13
2026-07-22 01:47:30,43,2854,小目标真情版,5050,100,32
2026-07-22 01:47:30,159,4765,Chaingnoao,3050,100,16
2026-07-22 01:47:30,70,4784,SmallT,4850,100,32
2026-07-22 01:47:30,3,5969,Chaing985e,3000,100,15
2026-07-22 01:47:30,55,2622,RixFi,4950,100,18
2026-07-22 01:47:30,211,2511,2号机器狗,2750,93.33,5
2026-07-22 01:47:30,93,2658,Crenz.Crypto,4150,100,25
2026-07-22 01:47:30,31,3142,小目标摩羯版,4600,100,30
2026-07-22 01:47:30,4,6653,Chainghgss,2500,100,12
2026-07-22 01:47:30,63,2831,ssss,4600,100,27
2026-07-22 01:47:30,188,2714,75sirBbot,5250,100,27
2026-07-22 01:47:30,77,5302,WREN,2400,100,12
2026-07-22 01:47:30,44,3496,Chaing8xpt,4550,100,28
2026-07-22 01:47:30,146,2732,先赚一个小目标,4750,100,23
2026-07-22 01:47:30,152,2418,jieni3,5150,93.33,7
2026-07-22 01:47:30,5,2366,TrungMinh,2650,100,13
2026-07-22 01:47:30,169,2756,Rahmann,4700,93.33,13
2026-07-22 01:47:30,97,2420,airwalker 1,4900,100,28
2026-07-22 01:47:30,7,5949,Chainge8yz,2700,100,14
2026-07-22 01:47:30,214,2764,Rahman 2,3600,60,1
2026-07-22 01:47:30,136,2498,CHO1,3950,100,21
2026-07-22 01:47:30,98,4764,Chaingq55i,3600,93.33,13
2026-07-22 01:47:30,181,4259,3cryptobot,4550,100,27
2026-07-22 01:47:30,8,9390,格格,3000,100,19
2026-07-22 01:47:30,186,3223,crazy兔子,2800,100,15
2026-07-22 01:47:30,179,3035,DDda,4800,100,25
2026-07-22 01:47:30,199,2398,jieni4,4450,80,5
2026-07-22 01:47:30,109,2904,Gabriel,4500,100,26
2026-07-22 01:47:30,9,6013,jijioulei22,2900,100,13
2026-07-22 01:47:30,189,3070,bobo,3950,100,20
2026-07-22 01:47:30,180,3044,Joye,4400,100,25
2026-07-22 01:47:30,47,3313,Shakotboos,2750,100,12
2026-07-22 01:47:30,40,2870,faxb,4600,100,26
2026-07-22 01:47:30,10,6575,Chaingjp85,2850,100,16
2026-07-22 01:47:30,14,4818,Genevieve,3700,100,19
2026-07-22 01:47:30,201,2447,Heborr,4000,100,21
2026-07-22 01:47:30,147,3065,Hasino,4250,100,23
2026-07-22 01:47:30,20,5243,0g-2821,4100,100,25
2026-07-22 01:47:30,11,6714,Rose,3200,100,18
2026-07-22 01:47:30,165,2671,AI01,4650,100,23
2026-07-22 01:47:30,156,2444,ZzWorld,3700,100,21
2026-07-22 01:47:30,115,2712,Gabriel,3600,100,17
2026-07-22 05:00:18,34,3314,象牙山老四,5500,100,36
2026-07-22 05:00:18,1,4775,Xabong0G,2900,100,13
2026-07-22 05:00:18,103,3072,00dao,5250,100,31
2026-07-22 05:00:18,6,13298,WIZ,9560,100,8
2026-07-22 05:00:18,58,3005,MiniT,5200,100,34
2026-07-22 05:00:18,12,3498,Chaingwfz5,5250,100,34
2026-07-22 05:00:18,191,2507,3号机器狗,3050,100,13
2026-07-22 05:00:18,2,5915,Sunf,2700,100,13
2026-07-22 05:00:18,41,2854,小目标真情版,5050,100,32
2026-07-22 05:00:18,159,4765,Chaingnoao,3050,100,16
2026-07-22 05:00:18,70,4784,SmallT,4850,100,32
2026-07-22 05:00:18,3,5969,Chaing985e,3000,100,15
2026-07-22 05:00:18,54,2622,RixFi,4950,100,18
2026-07-22 05:00:18,211,2511,2号机器狗,2750,93.33,5
2026-07-22 05:00:18,93,2658,Crenz.Crypto,4150,100,25
2026-07-22 05:00:18,31,3142,小目标摩羯版,4600,100,30
2026-07-22 05:00:18,4,6653,Chainghgss,2500,100,12
2026-07-22 05:00:18,67,2831,ssss,4600,100,27
2026-07-22 05:00:18,187,2714,75sirBbot,5250,100,27
2026-07-22 05:00:18,76,5302,WREN,2400,100,12
2026-07-22 05:00:18,42,3496,Chaing8xpt,4550,100,28
2026-07-22 05:00:18,146,2732,先赚一个小目标,4750,100,23
2026-07-22 05:00:18,152,2418,jieni3,5150,93.33,7
2026-07-22 05:00:18,5,2366,TrungMinh,2650,100,13
2026-07-22 05:00:18,168,2756,Rahmann,4700,93.33,13
2026-07-22 05:00:18,97,2420,airwalker 1,4900,100,28
2026-07-22 05:00:18,7,5949,Chainge8yz,2700,100,14
2026-07-22 05:00:18,214,2764,Rahman 2,3600,60,1
2026-07-22 05:00:18,136,2498,CHO1,3950,100,21
2026-07-22 05:00:18,98,4764,Chaingq55i,3600,93.33,13
2026-07-22 05:00:18,181,4259,3cryptobot,4550,100,27
2026-07-22 05:00:18,8,9390,格格,3000,100,19
2026-07-22 05:00:18,188,3223,crazy兔子,2800,100,15
2026-07-22 05:00:18,179,3035,DDda,4800,100,25
2026-07-22 05:00:18,199,2398,jieni4,4450,80,5
2026-07-22 05:00:18,107,2904,Gabriel,4500,100,26
2026-07-22 05:00:18,9,6013,jijioulei22,2900,100,13
2026-07-22 05:00:18,189,3070,bobo,3950,100,20
2026-07-22 05:00:18,180,3044,Joye,4400,100,25
2026-07-22 05:00:18,45,3313,Shakotboos,2750,100,12
2026-07-22 05:00:18,39,2870,faxb,4600,100,26
2026-07-22 05:00:18,10,6575,Chaingjp85,2850,100,16
2026-07-22 05:00:18,14,4818,Genevieve,3700,100,19
2026-07-22 05:00:18,203,2447,Heborr,4000,100,21
2026-07-22 05:00:18,147,3065,Hasino,4250,100,23
2026-07-22 05:00:18,20,5243,0g-2821,4100,100,25
2026-07-22 05:00:18,11,6714,Rose,3200,100,18
2026-07-22 05:00:18,164,2671,AI01,4650,100,23
2026-07-22 05:00:18,154,2444,ZzWorld,3700,100,21
2026-07-22 05:00:18,115,2712,Gabriel,3600,100,17
2026-07-22 07:37:03,34,3314,象牙山老四,5500,100,36
2026-07-22 07:37:03,1,4775,Xabong0G,2900,100,13
2026-07-22 07:37:03,103,3072,00dao,5250,100,31
2026-07-22 07:37:03,6,13298,WIZ,9560,100,8
2026-07-22 07:37:03,64,3005,MiniT,5200,100,34
2026-07-22 07:37:03,12,3498,Chaingwfz5,5250,100,34
2026-07-22 07:37:03,191,2507,3号机器狗,3050,100,13
2026-07-22 07:37:03,2,5915,Sunf,2700,100,13
2026-07-22 07:37:03,40,2854,小目标真情版,5050,100,32
2026-07-22 07:37:03,159,4765,Chaingnoao,3050,100,16
2026-07-22 07:37:03,70,4784,SmallT,4850,100,32
2026-07-22 07:37:03,3,5969,Chaing985e,3000,100,15
2026-07-22 07:37:03,60,2622,RixFi,4950,100,18
2026-07-22 07:37:03,211,2511,2号机器狗,2750,93.33,5
2026-07-22 07:37:03,93,2658,Crenz.Crypto,4150,100,25
2026-07-22 07:37:03,31,3142,小目标摩羯版,4600,100,30
2026-07-22 07:37:03,4,6653,Chainghgss,2500,100,12
2026-07-22 07:37:03,67,2831,ssss,4600,100,27
2026-07-22 07:37:03,187,2714,75sirBbot,5250,100,27
2026-07-22 07:37:03,83,5302,WREN,2400,100,12
2026-07-22 07:37:03,41,3496,Chaing8xpt,4550,100,28
2026-07-22 07:37:03,145,2732,先赚一个小目标,4750,100,23
2026-07-22 07:37:03,152,2418,jieni3,5150,93.33,7
2026-07-22 07:37:03,5,2366,TrungMinh,2650,100,13
2026-07-22 07:37:03,167,2756,Rahmann,4700,93.33,13
2026-07-22 07:37:03,96,2420,airwalker 1,4900,100,28
2026-07-22 07:37:03,7,5949,Chainge8yz,2700,100,14
2026-07-22 07:37:03,213,2764,Rahman 2,3600,60,1
2026-07-22 07:37:03,136,2498,CHO1,3950,100,21
2026-07-22 07:37:03,97,4764,Chaingq55i,3600,93.33,13
2026-07-22 07:37:03,180,4259,3cryptobot,4550,100,27
2026-07-22 07:37:03,8,9390,格格,3000,100,19
2026-07-22 07:37:03,190,3223,crazy兔子,2800,100,15
2026-07-22 07:37:03,178,3035,DDda,4800,100,25
2026-07-22 07:37:03,199,2398,jieni4,4450,80,5
2026-07-22 07:37:03,107,2904,Gabriel,4500,100,26
2026-07-22 07:37:03,9,6013,jijioulei22,2900,100,13
2026-07-22 07:37:03,188,3070,bobo,3950,100,20
2026-07-22 07:37:03,179,3044,Joye,4400,100,25
2026-07-22 07:37:03,44,3313,Shakotboos,2750,100,12
2026-07-22 07:37:03,37,2870,faxb,4600,100,26
2026-07-22 07:37:03,10,6575,Chaingjp85,2850,100,16
2026-07-22 07:37:03,14,4818,Genevieve,3700,100,19
2026-07-22 07:37:03,201,2447,Heborr,4000,100,21
2026-07-22 07:37:03,146,3065,Hasino,4250,100,23
2026-07-22 07:37:03,19,5243,0g-2821,4100,100,25
2026-07-22 07:37:03,11,6714,Rose,3200,100,18
2026-07-22 07:37:03,165,2671,AI01,4650,100,23
2026-07-22 07:37:03,154,2444,ZzWorld,3700,100,21
2026-07-22 07:37:03,115,2712,Gabriel,3600,100,17
2026-07-22 10:15:48,34,3314,象牙山老四,5500,100,36
2026-07-22 10:15:48,1,4775,Xabong0G,2900,100,13
2026-07-22 10:15:48,103,3072,00dao,5250,100,31
2026-07-22 10:15:48,6,13298,WIZ,9560,100,8
2026-07-22 10:15:48,64,3005,MiniT,5200,100,34
2026-07-22 10:15:48,12,3498,Chaingwfz5,5250,100,34
2026-07-22 10:15:48,191,2507,3号机器狗,3050,100,13
2026-07-22 10:15:48,2,5915,Sunf,2700,100,13
2026-07-22 10:15:48,40,2854,小目标真情版,5050,100,32
2026-07-22 10:15:48,159,4765,Chaingnoao,3050,100,16
2026-07-22 10:15:48,70,4784,SmallT,4850,100,32
2026-07-22 10:15:48,3,5969,Chaing985e,3000,100,15
2026-07-22 10:15:48,60,2622,RixFi,4950,100,18
2026-07-22 10:15:48,211,2511,2号机器狗,2750,93.33,5
2026-07-22 10:15:48,93,2658,Crenz.Crypto,4150,100,25
2026-07-22 10:15:48,31,3142,小目标摩羯版,4600,100,30
2026-07-22 10:15:48,4,6653,Chainghgss,2500,100,12
2026-07-22 10:15:48,67,2831,ssss,4600,100,27
2026-07-22 10:15:48,187,2714,75sirBbot,5250,100,27
2026-07-22 10:15:48,83,5302,WREN,2400,100,12
2026-07-22 10:15:48,41,3496,Chaing8xpt,4550,100,28
2026-07-22 10:15:48,145,2732,先赚一个小目标,4750,100,23
2026-07-22 10:15:48,152,2418,jieni3,5150,93.33,7
2026-07-22 10:15:48,5,2366,TrungMinh,2650,100,13
2026-07-22 10:15:48,167,2756,Rahmann,4700,93.33,13
2026-07-22 10:15:48,96,2420,airwalker 1,4900,100,28
2026-07-22 10:15:48,7,5949,Chainge8yz,2700,100,14
2026-07-22 10:15:48,213,2764,Rahman 2,3600,60,1
2026-07-22 10:15:48,136,2498,CHO1,3950,100,21
2026-07-22 10:15:48,97,4764,Chaingq55i,3600,93.33,13
2026-07-22 10:15:48,180,4259,3cryptobot,4550,100,27
2026-07-22 10:15:48,8,9390,格格,3000,100,19
2026-07-22 10:15:48,190,3223,crazy兔子,2800,100,15
2026-07-22 10:15:48,178,3035,DDda,4800,100,25
2026-07-22 10:15:48,199,2398,jieni4,4450,80,5
2026-07-22 10:15:48,107,2904,Gabriel,4500,100,26
2026-07-22 10:15:48,9,6013,jijioulei22,2900,100,13
2026-07-22 10:15:48,188,3070,bobo,3950,100,20
2026-07-22 10:15:48,179,3044,Joye,4400,100,25
2026-07-22 10:15:48,44,3313,Shakotboos,2750,100,12
2026-07-22 10:15:48,37,2870,faxb,4600,100,26
2026-07-22 10:15:48,10,6575,Chaingjp85,2850,100,16
2026-07-22 10:15:48,14,4818,Genevieve,3700,100,19
2026-07-22 10:15:48,201,2447,Heborr,4000,100,21
2026-07-22 10:15:48,146,3065,Hasino,4250,100,23
2026-07-22 10:15:48,19,5243,0g-2821,4100,100,25
2026-07-22 10:15:48,11,6714,Rose,3200,100,18
2026-07-22 10:15:48,165,2671,AI01,4650,100,23
2026-07-22 10:15:48,154,2444,ZzWorld,3700,100,21
2026-07-22 10:15:48,115,2712,Gabriel,3600,100,17
2026-07-22 12:22:34,34,3314,象牙山老四,5500,100,36
2026-07-22 12:22:34,1,4775,Xabong0G,2900,100,13
2026-07-22 12:22:34,103,3072,00dao,5250,100,31
2026-07-22 12:22:34,6,13298,WIZ,9560,100,8
2026-07-22 12:22:34,64,3005,MiniT,5200,100,34
2026-07-22 12:22:34,12,3498,Chaingwfz5,5250,100,34
2026-07-22 12:22:34,191,2507,3号机器狗,3050,100,13
2026-07-22 12:22:34,2,5915,Sunf,2700,100,13
2026-07-22 12:22:34,40,2854,小目标真情版,5050,100,32
2026-07-22 12:22:34,159,4765,Chaingnoao,3050,100,16
2026-07-22 12:22:34,70,4784,SmallT,4850,100,32
2026-07-22 12:22:34,3,5969,Chaing985e,3000,100,15
2026-07-22 12:22:34,60,2622,RixFi,4950,100,18
2026-07-22 12:22:34,211,2511,2号机器狗,2750,93.33,5
2026-07-22 12:22:34,93,2658,Crenz.Crypto,4150,100,25
2026-07-22 12:22:34,31,3142,小目标摩羯版,4600,100,30
2026-07-22 12:22:34,4,6653,Chainghgss,2500,100,12
2026-07-22 12:22:34,67,2831,ssss,4600,100,27
2026-07-22 12:22:34,187,2714,75sirBbot,5250,100,27
2026-07-22 12:22:34,83,5302,WREN,2400,100,12
2026-07-22 12:22:34,41,3496,Chaing8xpt,4550,100,28
2026-07-22 12:22:34,145,2732,先赚一个小目标,4750,100,23
2026-07-22 12:22:34,152,2418,jieni3,5150,93.33,7
2026-07-22 12:22:34,5,2366,TrungMinh,2650,100,13
2026-07-22 12:22:34,167,2756,Rahmann,4700,93.33,13
2026-07-22 12:22:34,96,2420,airwalker 1,4900,100,28
2026-07-22 12:22:34,7,5949,Chainge8yz,2700,100,14
2026-07-22 12:22:34,213,2764,Rahman 2,3600,60,1
2026-07-22 12:22:34,136,2498,CHO1,3950,100,21
2026-07-22 12:22:34,97,4764,Chaingq55i,3600,93.33,13
2026-07-22 12:22:34,180,4259,3cryptobot,4550,100,27
2026-07-22 12:22:34,8,9390,格格,3000,100,19
2026-07-22 12:22:34,190,3223,crazy兔子,2800,100,15
2026-07-22 12:22:34,178,3035,DDda,4800,100,25
2026-07-22 12:22:34,199,2398,jieni4,4450,80,5
2026-07-22 12:22:34,107,2904,Gabriel,4500,100,26
2026-07-22 12:22:34,9,6013,jijioulei22,2900,100,13
2026-07-22 12:22:34,188,3070,bobo,3950,100,20
2026-07-22 12:22:34,179,3044,Joye,4400,100,25
2026-07-22 12:22:34,44,3313,Shakotboos,2750,100,12
2026-07-22 12:22:34,37,2870,faxb,4600,100,26
2026-07-22 12:22:34,10,6575,Chaingjp85,2850,100,16
2026-07-22 12:22:34,14,4818,Genevieve,3700,100,19
2026-07-22 12:22:34,201,2447,Heborr,4000,100,21
2026-07-22 12:22:34,146,3065,Hasino,4250,100,23
2026-07-22 12:22:34,19,5243,0g-2821,4100,100,25
2026-07-22 12:22:34,11,6714,Rose,3200,100,18
2026-07-22 12:22:34,165,2671,AI01,4650,100,23
2026-07-22 12:22:34,154,2444,ZzWorld,3700,100,21
2026-07-22 12:22:34,115,2712,Gabriel,3600,100,17
2026-07-22 14:57:28,34,3314,象牙山老四,5500,100,36
2026-07-22 14:57:28,1,4775,Xabong0G,2900,100,13
2026-07-22 14:57:28,103,3072,00dao,5250,100,31
2026-07-22 14:57:28,6,13298,WIZ,9560,100,8
2026-07-22 14:57:28,64,3005,MiniT,5200,100,34
2026-07-22 14:57:28,17,3498,Chaingwfz5,5250,100,34
2026-07-22 14:57:28,191,2507,3号机器狗,3050,100,13
2026-07-22 14:57:28,2,5915,Sunf,2700,100,13
2026-07-22 14:57:28,40,2854,小目标真情版,5050,100,32
2026-07-22 14:57:28,159,4765,Chaingnoao,3050,100,16
2026-07-22 14:57:28,70,4784,SmallT,4850,100,32
2026-07-22 14:57:28,3,5969,Chaing985e,3000,100,15
2026-07-22 14:57:28,60,2622,RixFi,4950,100,18
2026-07-22 14:57:28,211,2511,2号机器狗,2750,93.33,5
2026-07-22 14:57:28,96,2658,Crenz.Crypto,4150,100,25
2026-07-22 14:57:28,31,3142,小目标摩羯版,4600,100,30
2026-07-22 14:57:28,4,6653,Chainghgss,2500,100,12
2026-07-22 14:57:28,67,2831,ssss,4600,100,27
2026-07-22 14:57:28,188,2714,75sirBbot,5250,100,27
2026-07-22 14:57:28,83,5302,WREN,2400,100,12
2026-07-22 14:57:28,41,3496,Chaing8xpt,4550,100,28
2026-07-22 14:57:28,145,2732,先赚一个小目标,4750,100,23
2026-07-22 14:57:28,155,2418,jieni3,5150,93.33,7
2026-07-22 14:57:28,5,2366,TrungMinh,2650,100,13
2026-07-22 14:57:28,167,2756,Rahmann,4700,93.33,13
2026-07-22 14:57:28,95,2420,airwalker 1,4900,100,28
2026-07-22 14:57:28,7,5949,Chainge8yz,2700,100,14
2026-07-22 14:57:28,213,2764,Rahman 2,3600,60,1
2026-07-22 14:57:28,136,2498,CHO1,3950,100,21
2026-07-22 14:57:28,97,4764,Chaingq55i,3600,93.33,13
2026-07-22 14:57:28,180,4259,3cryptobot,4550,100,27
2026-07-22 14:57:28,8,9390,格格,3000,100,19
2026-07-22 14:57:28,190,3223,crazy兔子,2800,100,15
2026-07-22 14:57:28,178,3035,DDda,4800,100,25
2026-07-22 14:57:28,199,2398,jieni4,4450,80,5
2026-07-22 14:57:28,107,2904,Gabriel,4500,100,26
2026-07-22 14:57:28,9,6013,jijioulei22,2900,100,13
2026-07-22 14:57:28,187,3070,bobo,3950,100,20
2026-07-22 14:57:28,179,3044,Joye,4400,100,25
2026-07-22 14:57:28,44,3313,Shakotboos,2750,100,12
2026-07-22 14:57:28,37,2870,faxb,4600,100,26
2026-07-22 14:57:28,10,6575,Chaingjp85,2850,100,16
2026-07-22 14:57:28,12,4818,Genevieve,3700,100,19
2026-07-22 14:57:28,201,2447,Heborr,4000,100,21
2026-07-22 14:57:28,146,3065,Hasino,4250,100,23
2026-07-22 14:57:28,19,5243,0g-2821,4100,100,25
2026-07-22 14:57:28,11,6659,Chaing05sz,2850,100,17
2026-07-22 14:57:28,164,2671,AI01,4650,100,23
2026-07-22 14:57:28,153,2444,ZzWorld,3700,100,21
2026-07-22 14:57:28,115,2712,Gabriel,3600,100,17
2026-07-22 16:18:14,34,3314,象牙山老四,5500,100,36
2026-07-22 16:18:14,1,4775,Xabong0G,2900,100,13
2026-07-22 16:18:14,103,3072,00dao,5250,100,31
2026-07-22 16:18:14,6,13298,WIZ,9560,100,8
2026-07-22 16:18:14,64,3005,MiniT,5200,100,34
2026-07-22 16:18:14,17,3498,Chaingwfz5,5250,100,34
2026-07-22 16:18:14,191,2507,3号机器狗,3050,100,13
2026-07-22 16:18:14,2,5915,Sunf,2700,100,13
2026-07-22 16:18:14,40,2854,小目标真情版,5050,100,32
2026-07-22 16:18:14,159,4765,Chaingnoao,3050,100,16
2026-07-22 16:18:14,70,4784,SmallT,4850,100,32
2026-07-22 16:18:14,3,5969,Chaing985e,3000,100,15
2026-07-22 16:18:14,60,2622,RixFi,4950,100,18
2026-07-22 16:18:14,211,2511,2号机器狗,2750,93.33,5
2026-07-22 16:18:14,96,2658,Crenz.Crypto,4150,100,25
2026-07-22 16:18:14,31,3142,小目标摩羯版,4600,100,30
2026-07-22 16:18:14,4,6653,Chainghgss,2500,100,12
2026-07-22 16:18:14,67,2831,ssss,4600,100,27
2026-07-22 16:18:14,188,2714,75sirBbot,5250,100,27
2026-07-22 16:18:14,83,5302,WREN,2400,100,12
2026-07-22 16:18:14,41,3496,Chaing8xpt,4550,100,28
2026-07-22 16:18:14,145,2732,先赚一个小目标,4750,100,23
2026-07-22 16:18:14,155,2418,jieni3,5150,93.33,7
2026-07-22 16:18:14,5,2366,TrungMinh,2650,100,13
2026-07-22 16:18:14,167,2756,Rahmann,4700,93.33,13
2026-07-22 16:18:14,95,2420,airwalker 1,4900,100,28
2026-07-22 16:18:14,7,5949,Chainge8yz,2700,100,14
2026-07-22 16:18:14,213,2764,Rahman 2,3600,60,1
2026-07-22 16:18:14,136,2498,CHO1,3950,100,21
2026-07-22 16:18:14,97,4764,Chaingq55i,3600,93.33,13
2026-07-22 16:18:14,180,4259,3cryptobot,4550,100,27
2026-07-22 16:18:14,8,9390,格格,3000,100,19
2026-07-22 16:18:14,190,3223,crazy兔子,2800,100,15
2026-07-22 16:18:14,178,3035,DDda,4800,100,25
2026-07-22 16:18:14,199,2398,jieni4,4450,80,5
2026-07-22 16:18:14,107,2904,Gabriel,4500,100,26
2026-07-22 16:18:14,9,6013,jijioulei22,2900,100,13
2026-07-22 16:18:14,187,3070,bobo,3950,100,20
2026-07-22 16:18:14,179,3044,Joye,4400,100,25
2026-07-22 16:18:14,44,3313,Shakotboos,2750,100,12
2026-07-22 16:18:14,37,2870,faxb,4600,100,26
2026-07-22 16:18:14,10,6575,Chaingjp85,2850,100,16
2026-07-22 16:18:14,12,4818,Genevieve,3700,100,19
2026-07-22 16:18:14,201,2447,Heborr,4000,100,21
2026-07-22 16:18:14,146,3065,Hasino,4250,100,23
2026-07-22 16:18:14,19,5243,0g-2821,4100,100,25
2026-07-22 16:18:14,11,6659,Chaing05sz,2850,100,17
2026-07-22 16:18:14,164,2671,AI01,4650,100,23
2026-07-22 16:18:14,153,2444,ZzWorld,3700,100,21
2026-07-22 16:18:14,115,2712,Gabriel,3600,100,17
2026-07-22 18:02:44,33,3314,象牙山老四,5500,100,36
2026-07-22 18:02:44,1,4775,Xabong0G,2900,100,13
2026-07-22 18:02:44,106,3072,00dao,5250,100,31
2026-07-22 18:02:44,6,13298,WIZ,9560,100,8
2026-07-22 18:02:44,62,3005,MiniT,5200,100,34
2026-07-22 18:02:44,16,3498,Chaingwfz5,5250,100,34
2026-07-22 18:02:44,191,2507,3号机器狗,3050,100,13
2026-07-22 18:02:44,2,5915,Sunf,2700,100,13
2026-07-22 18:02:44,40,2854,小目标真情版,5050,100,32
2026-07-22 18:02:44,158,4765,Chaingnoao,3050,100,16
2026-07-22 18:02:44,68,4784,SmallT,4850,100,32
2026-07-22 18:02:44,3,5969,Chaing985e,3000,100,15
2026-07-22 18:02:44,59,2622,RixFi,4950,100,18
2026-07-22 18:02:44,211,2511,2号机器狗,2750,93.33,5
2026-07-22 18:02:44,96,2658,Crenz.Crypto,4150,100,25
2026-07-22 18:02:44,30,3142,小目标摩羯版,4600,100,30
2026-07-22 18:02:44,4,6653,Chainghgss,2500,100,12
2026-07-22 18:02:44,64,2831,ssss,4600,100,27
2026-07-22 18:02:44,186,2714,75sirBbot,5250,100,27
2026-07-22 18:02:44,80,5302,WREN,2400,100,12
2026-07-22 18:02:44,47,3496,Chaing8xpt,4550,100,28
2026-07-22 18:02:44,148,2732,先赚一个小目标,4750,100,23
2026-07-22 18:02:44,154,2418,jieni3,5150,93.33,7
2026-07-22 18:02:44,5,2366,TrungMinh,2650,100,13
2026-07-22 18:02:44,169,2756,Rahmann,4700,93.33,13
2026-07-22 18:02:44,94,2420,airwalker 1,4900,100,28
2026-07-22 18:02:44,7,5949,Chainge8yz,2700,100,14
2026-07-22 18:02:44,213,2764,Rahman 2,3600,60,1
2026-07-22 18:02:44,135,2498,CHO1,3950,100,21
2026-07-22 18:02:44,95,4764,Chaingq55i,3600,93.33,13
2026-07-22 18:02:44,181,4259,3cryptobot,4550,100,27
2026-07-22 18:02:44,8,9390,格格,3000,100,19
2026-07-22 18:02:44,189,3223,crazy兔子,2800,100,15
2026-07-22 18:02:44,178,3035,DDda,4800,100,25
2026-07-22 18:02:44,198,2398,jieni4,4450,80,5
2026-07-22 18:02:44,110,2904,Gabriel,4500,100,26
2026-07-22 18:02:44,9,6013,jijioulei22,2900,100,13
2026-07-22 18:02:44,187,3070,bobo,3950,100,20
2026-07-22 18:02:44,180,3044,Joye,4400,100,25
2026-07-22 18:02:44,43,3313,Shakotboos,2750,100,12
2026-07-22 18:02:44,36,2870,faxb,4600,100,26
2026-07-22 18:02:44,10,6575,Chaingjp85,2850,100,16
2026-07-22 18:02:44,11,4818,Genevieve,3700,100,19
2026-07-22 18:02:44,201,2447,Heborr,4000,100,21
2026-07-22 18:02:44,144,3065,Hasino,4250,100,23
2026-07-22 18:02:44,26,5243,0g-2821,4100,100,25
2026-07-22 18:02:44,12,9044,Chaingwzgs,2800,100,23
2026-07-22 18:02:44,165,2671,AI01,4650,100,23
2026-07-22 18:02:44,153,2444,ZzWorld,3700,100,21
2026-07-22 18:02:44,122,2712,Gabriel,3600,100,17
2026-07-22 20:07:19,32,3314,象牙山老四,5500,100,36
2026-07-22 20:07:19,1,4775,Xabong0G,2900,100,13
2026-07-22 20:07:19,105,3072,00dao,5250,100,31
2026-07-22 20:07:19,6,13298,WIZ,9560,100,8
2026-07-22 20:07:19,60,3005,MiniT,5200,100,34
2026-07-22 20:07:19,16,3498,Chaingwfz5,5250,100,34
2026-07-22 20:07:19,191,2507,3号机器狗,3050,100,13
2026-07-22 20:07:19,2,5915,Sunf,2700,100,13
2026-07-22 20:07:19,46,2854,小目标真情版,5050,100,32
2026-07-22 20:07:19,158,4765,Chaingnoao,3050,100,16
2026-07-22 20:07:19,67,4784,SmallT,4850,100,32
2026-07-22 20:07:19,3,5969,Chaing985e,3000,100,15
2026-07-22 20:07:19,58,2622,RixFi,4950,100,18
2026-07-22 20:07:19,211,2511,2号机器狗,2750,93.33,5
2026-07-22 20:07:19,95,2658,Crenz.Crypto,4150,100,25
2026-07-22 20:07:19,29,3142,小目标摩羯版,4600,100,30
2026-07-22 20:07:19,4,6653,Chainghgss,2500,100,12
2026-07-22 20:07:19,63,2831,ssss,4600,100,27
2026-07-22 20:07:19,186,2714,75sirBbot,5250,100,27
2026-07-22 20:07:19,80,5302,WREN,2400,100,12
2026-07-22 20:07:19,45,3496,Chaing8xpt,4550,100,28
2026-07-22 20:07:19,148,2732,先赚一个小目标,4750,100,23
2026-07-22 20:07:19,154,2418,jieni3,5150,93.33,7
2026-07-22 20:07:19,5,2366,TrungMinh,2650,100,13
2026-07-22 20:07:19,169,2756,Rahmann,4700,93.33,13
2026-07-22 20:07:19,93,2420,airwalker 1,4900,100,28
2026-07-22 20:07:19,7,5949,Chainge8yz,2700,100,14
2026-07-22 20:07:19,213,2764,Rahman 2,3600,60,1
2026-07-22 20:07:19,135,2498,CHO1,3950,100,21
2026-07-22 20:07:19,94,4764,Chaingq55i,3600,93.33,13
2026-07-22 20:07:19,180,4259,3cryptobot,4550,100,27
2026-07-22 20:07:19,8,6575,Chaingjp85,2850,100,16
2026-07-22 20:07:19,189,3223,crazy兔子,2800,100,15
2026-07-22 20:07:19,178,3035,DDda,4800,100,25
2026-07-22 20:07:19,199,2398,jieni4,4450,80,5
2026-07-22 20:07:19,110,2904,Gabriel,4500,100,26
2026-07-22 20:07:19,9,9390,格格,3000,100,19
2026-07-22 20:07:19,188,3070,bobo,3950,100,20
2026-07-22 20:07:19,181,3044,Joye,4400,100,25
2026-07-22 20:07:19,49,3313,Shakotboos,2750,100,12
2026-07-22 20:07:19,42,2870,faxb,4600,100,26
2026-07-22 20:07:19,10,6013,jijioulei22,2900,100,13
2026-07-22 20:07:19,11,4818,Genevieve,3700,100,19
2026-07-22 20:07:19,201,2447,Heborr,4000,100,21
2026-07-22 20:07:19,147,3065,Hasino,4250,100,23
2026-07-22 20:07:19,25,5243,0g-2821,4100,100,25
2026-07-22 20:07:19,12,9044,Chaingwzgs,2800,100,23
2026-07-22 20:07:19,165,2671,AI01,4650,100,23
2026-07-22 20:07:19,153,2444,ZzWorld,3700,100,21
2026-07-22 20:07:19,121,2712,Gabriel,3600,100,17
2026-07-22 21:58:16,37,3314,象牙山老四,5500,100,36
2026-07-22 21:58:16,1,4775,Xabong0G,2900,100,13
2026-07-22 21:58:16,105,3072,00dao,5250,100,31
2026-07-22 21:58:16,6,13298,WIZ,9560,100,8
2026-07-22 21:58:16,60,3005,MiniT,5200,100,34
2026-07-22 21:58:16,16,3498,Chaingwfz5,5250,100,34
2026-07-22 21:58:16,191,2507,3号机器狗,3050,100,13
2026-07-22 21:58:16,2,5915,Sunf,2700,100,13
2026-07-22 21:58:16,46,2854,小目标真情版,5050,100,32
2026-07-22 21:58:16,158,4765,Chaingnoao,3050,100,16
2026-07-22 21:58:16,67,4784,SmallT,4850,100,32
2026-07-22 21:58:16,3,5969,Chaing985e,3000,100,15
2026-07-22 21:58:16,58,2622,RixFi,4950,100,18
2026-07-22 21:58:16,211,2511,2号机器狗,2750,93.33,5
2026-07-22 21:58:16,95,2658,Crenz.Crypto,4150,100,25
2026-07-22 21:58:16,29,3142,小目标摩羯版,4600,100,30
2026-07-22 21:58:16,4,6653,Chainghgss,2500,100,12
2026-07-22 21:58:16,63,2831,ssss,4600,100,27
2026-07-22 21:58:16,186,2714,75sirBbot,5250,100,27
2026-07-22 21:58:16,79,5302,WREN,2400,100,12
2026-07-22 21:58:16,45,3496,Chaing8xpt,4550,100,28
2026-07-22 21:58:16,148,2732,先赚一个小目标,4750,100,23
2026-07-22 21:58:16,154,2418,jieni3,5150,93.33,7
2026-07-22 21:58:16,5,2366,TrungMinh,2650,100,13
2026-07-22 21:58:16,169,2756,Rahmann,4700,93.33,13
2026-07-22 21:58:16,93,2420,airwalker 1,4900,100,28
2026-07-22 21:58:16,7,5949,Chainge8yz,2700,100,14
2026-07-22 21:58:16,213,2764,Rahman 2,3600,60,1
2026-07-22 21:58:16,135,2498,CHO1,3950,100,21
2026-07-22 21:58:16,94,4764,Chaingq55i,3600,93.33,13
2026-07-22 21:58:16,180,4259,3cryptobot,4550,100,27
2026-07-22 21:58:16,8,6575,Chaingjp85,2850,100,16
2026-07-22 21:58:16,189,3223,crazy兔子,2800,100,15
2026-07-22 21:58:16,178,3035,DDda,4800,100,25
2026-07-22 21:58:16,199,2398,jieni4,4450,80,5
2026-07-22 21:58:16,110,2904,Gabriel,4500,100,26
2026-07-22 21:58:16,9,9390,格格,3000,100,19
2026-07-22 21:58:16,188,3070,bobo,3950,100,20
2026-07-22 21:58:16,181,3044,Joye,4400,100,25
2026-07-22 21:58:16,49,3313,Shakotboos,2750,100,12
2026-07-22 21:58:16,42,2870,faxb,4600,100,26
2026-07-22 21:58:16,10,6013,jijioulei22,2900,100,13
2026-07-22 21:58:16,11,4818,Genevieve,3700,100,19
2026-07-22 21:58:16,201,2447,Heborr,4000,100,21
2026-07-22 21:58:16,147,3065,Hasino,4250,100,23
2026-07-22 21:58:16,24,5243,0g-2821,4100,100,25
2026-07-22 21:58:16,12,9044,Chaingwzgs,2800,100,23
2026-07-22 21:58:16,165,2671,AI01,4650,100,23
2026-07-22 21:58:16,153,2444,ZzWorld,3700,100,21
2026-07-22 21:58:16,121,2712,Gabriel,3600,100,17
2026-07-22 23:02:05,37,3314,象牙山老四,5500,100,36
2026-07-22 23:02:05,1,4775,Xabong0G,2900,100,13
2026-07-22 23:02:05,105,3072,00dao,5250,100,31
2026-07-22 23:02:05,6,13298,WIZ,9560,100,8
2026-07-22 23:02:05,61,3005,MiniT,5200,100,34
2026-07-22 23:02:05,16,3498,Chaingwfz5,5250,100,34
2026-07-22 23:02:05,191,2507,3号机器狗,3050,100,13
2026-07-22 23:02:05,2,5915,Sunf,2700,100,13
2026-07-22 23:02:05,46,2854,小目标真情版,5050,100,32
2026-07-22 23:02:05,158,4765,Chaingnoao,3050,100,16
2026-07-22 23:02:05,68,4784,SmallT,4850,100,32
2026-07-22 23:02:05,3,5969,Chaing985e,3000,100,15
2026-07-22 23:02:05,58,2622,RixFi,4950,100,18
2026-07-22 23:02:05,211,2511,2号机器狗,2750,93.33,5
2026-07-22 23:02:05,95,2658,Crenz.Crypto,4150,100,25
2026-07-22 23:02:05,29,3142,小目标摩羯版,4600,100,30
2026-07-22 23:02:05,4,6653,Chainghgss,2500,100,12
2026-07-22 23:02:05,64,2831,ssss,4600,100,27
2026-07-22 23:02:05,186,2714,75sirBbot,5250,100,27
2026-07-22 23:02:05,79,5302,WREN,2400,100,12
2026-07-22 23:02:05,45,3496,Chaing8xpt,4550,100,28
2026-07-22 23:02:05,148,2732,先赚一个小目标,4750,100,23
2026-07-22 23:02:05,153,2418,jieni3,5150,93.33,7
2026-07-22 23:02:05,5,2366,TrungMinh,2650,100,13
2026-07-22 23:02:05,169,2756,Rahmann,4700,93.33,13
2026-07-22 23:02:05,93,2420,airwalker 1,4900,100,28
2026-07-22 23:02:05,7,5949,Chainge8yz,2700,100,14
2026-07-22 23:02:05,213,2764,Rahman 2,3600,60,1
2026-07-22 23:02:05,135,2498,CHO1,3950,100,21
2026-07-22 23:02:05,96,4764,Chaingq55i,3600,93.33,13
2026-07-22 23:02:05,179,4259,3cryptobot,4550,100,27
2026-07-22 23:02:05,8,6575,Chaingjp85,2850,100,16
2026-07-22 23:02:05,189,3223,crazy兔子,2800,100,15
2026-07-22 23:02:05,180,3035,DDda,4800,100,25
2026-07-22 23:02:05,199,2398,jieni4,4450,80,5
2026-07-22 23:02:05,110,2904,Gabriel,4500,100,26
2026-07-22 23:02:05,9,9390,格格,3000,100,19
2026-07-22 23:02:05,188,3070,bobo,3950,100,20
2026-07-22 23:02:05,181,3044,Joye,4400,100,25
2026-07-22 23:02:05,49,3313,Shakotboos,2750,100,12
2026-07-22 23:02:05,42,2870,faxb,4600,100,26
2026-07-22 23:02:05,10,6013,jijioulei22,2900,100,13
2026-07-22 23:02:05,11,4818,Genevieve,3700,100,19
2026-07-22 23:02:05,201,2447,Heborr,4000,100,21
2026-07-22 23:02:05,147,3065,Hasino,4250,100,23
2026-07-22 23:02:05,24,5243,0g-2821,4100,100,25
2026-07-22 23:02:05,12,9044,Chaingwzgs,2800,100,23
2026-07-22 23:02:05,165,2671,AI01,4650,100,23
2026-07-22 23:02:05,152,2444,ZzWorld,3700,100,21
2026-07-22 23:02:05,121,2712,Gabriel,3600,100,17
2026-07-23 01:55:03,36,3314,象牙山老四,5500,100,36
2026-07-23 01:55:03,1,4775,Xabong0G,2900,100,13
2026-07-23 01:55:03,104,3072,00dao,5250,100,31
2026-07-23 01:55:03,6,13298,WIZ,9560,100,8
2026-07-23 01:55:03,61,3005,MiniT,5200,100,34
2026-07-23 01:55:03,16,3498,Chaingwfz5,5250,100,34
2026-07-23 01:55:03,191,2507,3号机器狗,3050,100,13
2026-07-23 01:55:03,2,5915,Sunf,2700,100,13
2026-07-23 01:55:03,46,2854,小目标真情版,5050,100,32
2026-07-23 01:55:03,158,4765,Chaingnoao,3050,100,16
2026-07-23 01:55:03,68,4784,SmallT,4850,100,32
2026-07-23 01:55:03,3,5969,Chaing985e,3000,100,15
2026-07-23 01:55:03,58,2622,RixFi,4950,100,18
2026-07-23 01:55:03,211,2511,2号机器狗,2750,93.33,5
2026-07-23 01:55:03,93,2658,Crenz.Crypto,4150,100,25
2026-07-23 01:55:03,35,3142,小目标摩羯版,4600,100,30
2026-07-23 01:55:03,4,6653,Chainghgss,2500,100,12
2026-07-23 01:55:03,64,2831,ssss,4600,100,27
2026-07-23 01:55:03,186,2714,75sirBbot,5250,100,27
2026-07-23 01:55:03,79,5302,WREN,2400,100,12
2026-07-23 01:55:03,45,3496,Chaing8xpt,4550,100,28
2026-07-23 01:55:03,148,2732,先赚一个小目标,4750,100,23
2026-07-23 01:55:03,153,2418,jieni3,5150,93.33,7
2026-07-23 01:55:03,5,2366,TrungMinh,2650,100,13
2026-07-23 01:55:03,169,2756,Rahmann,4700,93.33,13
2026-07-23 01:55:03,99,2420,airwalker 1,4900,100,28
2026-07-23 01:55:03,7,5949,Chainge8yz,2700,100,14
2026-07-23 01:55:03,213,2764,Rahman 2,3600,60,1
2026-07-23 01:55:03,134,2498,CHO1,3950,100,21
2026-07-23 01:55:03,94,4764,Chaingq55i,3600,93.33,13
2026-07-23 01:55:03,179,4259,3cryptobot,4550,100,27
2026-07-23 01:55:03,8,6575,Chaingjp85,2850,100,16
2026-07-23 01:55:03,189,3223,crazy兔子,2800,100,15
2026-07-23 01:55:03,180,3035,DDda,4800,100,25
2026-07-23 01:55:03,199,2398,jieni4,4450,80,5
2026-07-23 01:55:03,109,2904,Gabriel,4500,100,26
2026-07-23 01:55:03,9,9390,格格,3000,100,19
2026-07-23 01:55:03,188,3070,bobo,3950,100,20
2026-07-23 01:55:03,181,3044,Joye,4400,100,25
2026-07-23 01:55:03,49,3313,Shakotboos,2750,100,12
2026-07-23 01:55:03,42,2870,faxb,4600,100,26
2026-07-23 01:55:03,10,6013,jijioulei22,2900,100,13
2026-07-23 01:55:03,11,4818,Genevieve,3700,100,19
2026-07-23 01:55:03,200,2447,Heborr,4000,100,21
2026-07-23 01:55:03,146,3065,Hasino,4250,100,23
2026-07-23 01:55:03,24,5243,0g-2821,4100,100,25
2026-07-23 01:55:03,12,9044,Chaingwzgs,2800,100,23
2026-07-23 01:55:03,165,2671,AI01,4650,100,23
2026-07-23 01:55:03,152,2444,ZzWorld,3700,100,21
2026-07-23 01:55:03,120,2712,Gabriel,3600,100,17
2026-07-23 05:17:41,35,3314,象牙山老四,5500,100,36
2026-07-23 05:17:41,1,4775,Xabong0G,2900,100,13
2026-07-23 05:17:41,104,3072,00dao,5250,100,31
2026-07-23 05:17:41,6,13298,WIZ,9560,100,8
2026-07-23 05:17:41,60,3005,MiniT,5200,100,34
2026-07-23 05:17:41,16,3498,Chaingwfz5,5250,100,34
2026-07-23 05:17:41,191,2507,3号机器狗,3050,100,13
2026-07-23 05:17:41,2,5915,Sunf,2700,100,13
2026-07-23 05:17:41,46,2854,小目标真情版,5050,100,32
2026-07-23 05:17:41,158,4765,Chaingnoao,3050,100,16
2026-07-23 05:17:41,67,4784,SmallT,4850,100,32
2026-07-23 05:17:41,3,5969,Chaing985e,3000,100,15
2026-07-23 05:17:41,58,2622,RixFi,4950,100,18
2026-07-23 05:17:41,211,2511,2号机器狗,2750,93.33,5
2026-07-23 05:17:41,94,2658,Crenz.Crypto,4150,100,25
2026-07-23 05:17:41,36,3142,小目标摩羯版,4600,100,30
2026-07-23 05:17:41,4,6653,Chainghgss,2500,100,12
2026-07-23 05:17:41,63,2831,ssss,4600,100,27
2026-07-23 05:17:41,186,2714,75sirBbot,5250,100,27
2026-07-23 05:17:41,79,5302,WREN,2400,100,12
2026-07-23 05:17:41,45,3496,Chaing8xpt,4550,100,28
2026-07-23 05:17:41,148,2732,先赚一个小目标,4750,100,23
2026-07-23 05:17:41,153,2418,jieni3,5150,93.33,7
2026-07-23 05:17:41,5,2366,TrungMinh,2650,100,13
2026-07-23 05:17:41,169,2756,Rahmann,4700,93.33,13
2026-07-23 05:17:41,99,2420,airwalker 1,4900,100,28
2026-07-23 05:17:41,7,5949,Chainge8yz,2700,100,14
2026-07-23 05:17:41,213,2764,Rahman 2,3600,60,1
2026-07-23 05:17:41,133,2498,CHO1,3950,100,21
2026-07-23 05:17:41,92,4764,Chaingq55i,3600,93.33,13
2026-07-23 05:17:41,179,4259,3cryptobot,4550,100,27
2026-07-23 05:17:41,8,6575,Chaingjp85,2850,100,16
2026-07-23 05:17:41,189,3223,crazy兔子,2800,100,15
2026-07-23 05:17:41,180,3035,DDda,4800,100,25
2026-07-23 05:17:41,199,2398,jieni4,4450,80,5
2026-07-23 05:17:41,109,2904,Gabriel,4500,100,26
2026-07-23 05:17:41,9,9390,格格,3000,100,19
2026-07-23 05:17:41,188,3070,bobo,3950,100,20
2026-07-23 05:17:41,181,3044,Joye,4400,100,25
2026-07-23 05:17:41,49,3313,Shakotboos,2750,100,12
2026-07-23 05:17:41,42,2870,faxb,4600,100,26
2026-07-23 05:17:41,10,6013,jijioulei22,2900,100,13
2026-07-23 05:17:41,11,4818,Genevieve,3700,100,19
2026-07-23 05:17:41,201,2447,Heborr,4000,100,21
2026-07-23 05:17:41,146,3065,Hasino,4250,100,23
2026-07-23 05:17:41,24,5243,0g-2821,4100,100,25
2026-07-23 05:17:41,12,9044,Chaingwzgs,2800,100,23
2026-07-23 05:17:41,165,2671,AI01,4650,100,23
2026-07-23 05:17:41,152,2444,ZzWorld,3700,100,21
2026-07-23 05:17:41,120,2712,Gabriel,3600,100,17
2026-07-23 08:12:56,44,3314,象牙山老四,5500,100,36
2026-07-23 08:12:56,1,4775,Xabong0G,2900,100,13
2026-07-23 08:12:56,105,3072,00dao,5250,100,31
2026-07-23 08:12:56,6,13298,WIZ,9560,100,8
2026-07-23 08:12:56,61,3005,MiniT,5200,100,34
2026-07-23 08:12:56,20,3498,Chaingwfz5,5250,100,34
2026-07-23 08:12:56,196,2507,3号机器狗,3050,100,13
2026-07-23 08:12:56,2,5915,Sunf,2700,100,13
2026-07-23 08:12:56,46,2854,小目标真情版,5050,100,32
2026-07-23 08:12:56,158,4765,Chaingnoao,3050,100,16
2026-07-23 08:12:56,68,4784,SmallT,4850,100,32
2026-07-23 08:12:56,3,5969,Chaing985e,3000,100,15
2026-07-23 08:12:56,57,2622,RixFi,4950,100,18
2026-07-23 08:12:56,211,2511,2号机器狗,2750,93.33,5
2026-07-23 08:12:56,96,2658,Crenz.Crypto,4150,100,25
2026-07-23 08:12:56,35,3142,小目标摩羯版,4600,100,30
2026-07-23 08:12:56,4,6653,Chainghgss,2500,100,12
2026-07-23 08:12:56,64,2831,ssss,4600,100,27
2026-07-23 08:12:56,183,2714,75sirBbot,5250,100,27
2026-07-23 08:12:56,80,5302,WREN,2400,100,12
2026-07-23 08:12:56,45,3496,Chaing8xpt,4550,100,28
2026-07-23 08:12:56,147,2732,先赚一个小目标,4750,100,23
2026-07-23 08:12:56,153,2418,jieni3,5150,93.33,7
2026-07-23 08:12:56,5,2366,TrungMinh,2650,100,13
2026-07-23 08:12:56,170,2756,Rahmann,4700,93.33,13
2026-07-23 08:12:56,102,2420,airwalker 1,4900,100,28
2026-07-23 08:12:56,7,5949,Chainge8yz,2700,100,14
2026-07-23 08:12:56,212,2764,Rahman 2,3600,60,1
2026-07-23 08:12:56,135,2498,CHO1,3950,100,21
2026-07-23 08:12:56,94,4764,Chaingq55i,3600,93.33,13
2026-07-23 08:12:56,186,4259,3cryptobot,4550,100,27
2026-07-23 08:12:56,8,6575,Chaingjp85,2850,100,16
2026-07-23 08:12:56,190,3223,crazy兔子,2800,100,15
2026-07-23 08:12:56,182,3035,DDda,4800,100,25
2026-07-23 08:12:56,198,2398,jieni4,4450,80,5
2026-07-23 08:12:56,110,2904,Gabriel,4500,100,26
2026-07-23 08:12:56,9,6659,Chaing05sz,2850,100,17
2026-07-23 08:12:56,188,3070,bobo,3950,100,20
2026-07-23 08:12:56,179,3044,Joye,4400,100,25
2026-07-23 08:12:56,48,3313,Shakotboos,2750,100,12
2026-07-23 08:12:56,41,2870,faxb,4600,100,26
2026-07-23 08:12:56,10,9390,格格,3000,100,19
2026-07-23 08:12:56,12,4818,Genevieve,3700,100,19
2026-07-23 08:12:56,200,2447,Heborr,4000,100,21
2026-07-23 08:12:56,144,3065,Hasino,4250,100,23
2026-07-23 08:12:56,29,5243,0g-2821,4100,100,25
2026-07-23 08:12:56,11,6013,jijioulei22,2900,100,13
2026-07-23 08:12:56,162,2671,AI01,4650,100,23
2026-07-23 08:12:56,152,2444,ZzWorld,3700,100,21
2026-07-23 08:12:56,120,2712,Gabriel,3600,100,17
2026-07-23 11:01:14,42,3314,象牙山老四,5500,100,36
2026-07-23 11:01:14,1,4775,Xabong0G,2900,100,13
2026-07-23 11:01:14,107,3072,00dao,5250,100,31
2026-07-23 11:01:14,6,13298,WIZ,9560,100,8
2026-07-23 11:01:14,59,3005,MiniT,5200,100,34
2026-07-23 11:01:14,20,3498,Chaingwfz5,5250,100,34
2026-07-23 11:01:14,195,2507,3号机器狗,3050,100,13
2026-07-23 11:01:14,2,5915,Sunf,2700,100,13
2026-07-23 11:01:14,45,2854,小目标真情版,5050,100,32
2026-07-23 11:01:14,157,4765,Chaingnoao,3050,100,16
2026-07-23 11:01:14,65,4784,SmallT,4850,100,32
2026-07-23 11:01:14,3,5969,Chaing985e,3000,100,15
2026-07-23 11:01:14,63,2622,RixFi,4950,100,18
2026-07-23 11:01:14,211,2511,2号机器狗,2750,93.33,5
2026-07-23 11:01:14,94,2658,Crenz.Crypto,4150,100,25
2026-07-23 11:01:14,44,3142,小目标摩羯版,4600,100,30
2026-07-23 11:01:14,4,6653,Chainghgss,2500,100,12
2026-07-23 11:01:14,71,2831,ssss,4600,100,27
2026-07-23 11:01:14,183,2714,75sirBbot,5250,100,27
2026-07-23 11:01:14,84,5302,WREN,2400,100,12
2026-07-23 11:01:14,50,3496,Chaing8xpt,4550,100,28
2026-07-23 11:01:14,144,2732,先赚一个小目标,4750,100,23
2026-07-23 11:01:14,151,2418,jieni3,5150,93.33,7
2026-07-23 11:01:14,5,2366,TrungMinh,2650,100,13
2026-07-23 11:01:14,170,2756,Rahmann,4700,93.33,13
2026-07-23 11:01:14,103,2420,airwalker 1,4900,100,28
2026-07-23 11:01:14,7,5949,Chainge8yz,2700,100,14
2026-07-23 11:01:14,212,2764,Rahman 2,3600,60,1
2026-07-23 11:01:14,135,2498,CHO1,3950,100,21
2026-07-23 11:01:14,93,4764,Chaingq55i,3600,93.33,13
2026-07-23 11:01:14,186,4259,3cryptobot,4550,100,27
2026-07-23 11:01:14,8,6575,Chaingjp85,2850,100,16
2026-07-23 11:01:14,190,3223,crazy兔子,2800,100,15
2026-07-23 11:01:14,180,3035,DDda,4800,100,25
2026-07-23 11:01:14,197,2398,jieni4,4450,80,5
2026-07-23 11:01:14,113,2904,Gabriel,4500,100,26
2026-07-23 11:01:14,9,6659,Chaing05sz,2850,100,17
2026-07-23 11:01:14,188,3070,bobo,3950,100,20
2026-07-23 11:01:14,182,3044,Joye,4400,100,25
2026-07-23 11:01:14,46,3313,Shakotboos,2750,100,12
2026-07-23 11:01:14,38,2870,faxb,4600,100,26
2026-07-23 11:01:14,10,6013,jijioulei22,2900,100,13
2026-07-23 11:01:14,11,4818,Genevieve,3700,100,19
2026-07-23 11:01:14,201,2447,Heborr,4000,100,21
2026-07-23 11:01:14,142,3065,Hasino,4250,100,23
2026-07-23 11:01:14,29,5243,0g-2821,4100,100,25
2026-07-23 11:01:14,12,9044,Chaingwzgs,2800,100,23
2026-07-23 11:01:14,164,2671,AI01,4650,100,23
2026-07-23 11:01:14,156,2444,ZzWorld,3700,100,21
2026-07-23 11:01:14,120,2712,Gabriel,3600,100,17
2026-07-23 13:25:34,42,3314,象牙山老四,5500,100,36
2026-07-23 13:25:34,1,4775,Xabong0G,2900,100,13
2026-07-23 13:25:34,107,3072,00dao,5250,100,31
2026-07-23 13:25:34,6,13298,WIZ,9560,100,8
2026-07-23 13:25:34,67,3005,MiniT,5200,100,34
2026-07-23 13:25:34,18,3498,Chaingwfz5,5250,100,34
2026-07-23 13:25:34,195,2507,3号机器狗,3050,100,13
2026-07-23 13:25:34,2,5915,Sunf,2700,100,13
2026-07-23 13:25:34,45,2854,小目标真情版,5050,100,32
2026-07-23 13:25:34,157,4765,Chaingnoao,3050,100,16
2026-07-23 13:25:34,63,4784,SmallT,4850,100,32
2026-07-23 13:25:34,3,5969,Chaing985e,3000,100,15
2026-07-23 13:25:34,61,2622,RixFi,4950,100,18
2026-07-23 13:25:34,211,2511,2号机器狗,2750,93.33,5
2026-07-23 13:25:34,94,2658,Crenz.Crypto,4150,100,25
2026-07-23 13:25:34,44,3142,小目标摩羯版,4600,100,30
2026-07-23 13:25:34,4,6653,Chainghgss,2500,100,12
2026-07-23 13:25:34,70,2831,ssss,4600,100,27
2026-07-23 13:25:34,183,2714,75sirBbot,5250,100,27
2026-07-23 13:25:34,83,5302,WREN,2400,100,12
2026-07-23 13:25:34,50,3496,Chaing8xpt,4550,100,28
2026-07-23 13:25:34,143,2732,先赚一个小目标,4750,100,23
2026-07-23 13:25:34,150,2418,jieni3,5150,93.33,7
2026-07-23 13:25:34,5,2366,TrungMinh,2650,100,13
2026-07-23 13:25:34,170,2756,Rahmann,4700,93.33,13
2026-07-23 13:25:34,102,2420,airwalker 1,4900,100,28
2026-07-23 13:25:34,7,5949,Chainge8yz,2700,100,14
2026-07-23 13:25:34,212,2764,Rahman 2,3600,60,1
2026-07-23 13:25:34,135,2498,CHO1,3950,100,21
2026-07-23 13:25:34,93,4764,Chaingq55i,3600,93.33,13
2026-07-23 13:25:34,184,4259,3cryptobot,4550,100,27
2026-07-23 13:25:34,8,6575,Chaingjp85,2850,100,16
2026-07-23 13:25:34,190,3223,crazy兔子,2800,100,15
2026-07-23 13:25:34,180,3035,DDda,4800,100,25
2026-07-23 13:25:34,197,2398,jieni4,4450,80,5
2026-07-23 13:25:34,112,2904,Gabriel,4500,100,26
2026-07-23 13:25:34,9,6659,Chaing05sz,2850,100,17
2026-07-23 13:25:34,188,3070,bobo,3950,100,20
2026-07-23 13:25:34,182,3044,Joye,4400,100,25
2026-07-23 13:25:34,46,3313,Shakotboos,2750,100,12
2026-07-23 13:25:34,38,2870,faxb,4600,100,26
2026-07-23 13:25:34,11,9044,Chaingwzgs,2800,100,23
2026-07-23 13:25:34,10,4818,Genevieve,3700,100,19
2026-07-23 13:25:34,201,2447,Heborr,4000,100,21
2026-07-23 13:25:34,141,3065,Hasino,4250,100,23
2026-07-23 13:25:34,29,5243,0g-2821,4100,100,25
2026-07-23 13:25:34,12,9029,Genevieve,3600,93.33,13
2026-07-23 13:25:34,163,2671,AI01,4650,100,23
2026-07-23 13:25:34,156,2444,ZzWorld,3700,100,21
2026-07-23 13:25:34,120,2712,Gabriel,3600,100,17
2026-07-23 15:48:22,41,3314,象牙山老四,5500,100,36
2026-07-23 15:48:22,1,4775,Xabong0G,2900,100,13
2026-07-23 15:48:22,107,3072,00dao,5250,100,31
2026-07-23 15:48:22,6,13298,WIZ,9560,100,8
2026-07-23 15:48:22,65,3005,MiniT,5200,100,34
2026-07-23 15:48:22,18,3498,Chaingwfz5,5250,100,34
2026-07-23 15:48:22,195,2507,3号机器狗,3050,100,13
2026-07-23 15:48:22,2,5915,Sunf,2700,100,13
2026-07-23 15:48:22,44,2854,小目标真情版,5050,100,32
2026-07-23 15:48:22,157,4765,Chaingnoao,3050,100,16
2026-07-23 15:48:22,62,4784,SmallT,4850,100,32
2026-07-23 15:48:22,3,5969,Chaing985e,3000,100,15
2026-07-23 15:48:22,60,2622,RixFi,4950,100,18
2026-07-23 15:48:22,211,2511,2号机器狗,2750,93.33,5
2026-07-23 15:48:22,94,2658,Crenz.Crypto,4150,100,25
2026-07-23 15:48:22,43,3142,小目标摩羯版,4600,100,30
2026-07-23 15:48:22,4,6653,Chainghgss,2500,100,12
2026-07-23 15:48:22,69,2831,ssss,4600,100,27
2026-07-23 15:48:22,183,2714,75sirBbot,5250,100,27
2026-07-23 15:48:22,83,5302,WREN,2400,100,12
2026-07-23 15:48:22,50,3496,Chaing8xpt,4550,100,28
2026-07-23 15:48:22,143,2732,先赚一个小目标,4750,100,23
2026-07-23 15:48:22,150,2418,jieni3,5150,93.33,7
2026-07-23 15:48:22,5,2366,TrungMinh,2650,100,13
2026-07-23 15:48:22,170,2756,Rahmann,4700,93.33,13
2026-07-23 15:48:22,103,2420,airwalker 1,4900,100,28
2026-07-23 15:48:22,7,5949,Chainge8yz,2700,100,14
2026-07-23 15:48:22,212,2764,Rahman 2,3600,60,1
2026-07-23 15:48:22,135,2498,CHO1,3950,100,21
2026-07-23 15:48:22,93,4764,Chaingq55i,3600,93.33,13
2026-07-23 15:48:22,184,4259,3cryptobot,4550,100,27
2026-07-23 15:48:22,8,6575,Chaingjp85,2850,100,16
2026-07-23 15:48:22,190,3223,crazy兔子,2800,100,15
2026-07-23 15:48:22,180,3035,DDda,4800,100,25
2026-07-23 15:48:22,197,2398,jieni4,4450,80,5
2026-07-23 15:48:22,112,2904,Gabriel,4500,100,26
2026-07-23 15:48:22,9,6659,Chaing05sz,2850,100,17
2026-07-23 15:48:22,187,3070,bobo,3950,100,20
2026-07-23 15:48:22,182,3044,Joye,4400,100,25
2026-07-23 15:48:22,45,3313,Shakotboos,2750,100,12
2026-07-23 15:48:22,37,2870,faxb,4600,100,26
2026-07-23 15:48:22,11,9044,Chaingwzgs,2800,100,23
2026-07-23 15:48:22,10,4818,Genevieve,3700,100,19
2026-07-23 15:48:22,201,2447,Heborr,4000,100,21
2026-07-23 15:48:22,141,3065,Hasino,4250,100,23
2026-07-23 15:48:22,29,5243,0g-2821,4100,100,25
2026-07-23 15:48:22,12,9029,Genevieve,3600,93.33,13
2026-07-23 15:48:22,163,2671,AI01,4650,100,23
2026-07-23 15:48:22,156,2444,ZzWorld,3700,100,21
2026-07-23 15:48:22,121,2712,Gabriel,3600,100,17
2026-07-23 17:10:38,41,3314,象牙山老四,5500,100,36
2026-07-23 17:10:38,1,4775,Xabong0G,2900,100,13
2026-07-23 17:10:38,107,3072,00dao,5250,100,31
2026-07-23 17:10:38,6,13298,WIZ,9560,100,8
2026-07-23 17:10:38,65,3005,MiniT,5200,100,34
2026-07-23 17:10:38,18,3498,Chaingwfz5,5250,100,34
2026-07-23 17:10:38,195,2507,3号机器狗,3050,100,13
2026-07-23 17:10:38,2,5915,Sunf,2700,100,13
2026-07-23 17:10:38,44,2854,小目标真情版,5050,100,32
2026-07-23 17:10:38,157,4765,Chaingnoao,3050,100,16
2026-07-23 17:10:38,62,4784,SmallT,4850,100,32
2026-07-23 17:10:38,3,5969,Chaing985e,3000,100,15
2026-07-23 17:10:38,60,2622,RixFi,4950,100,18
2026-07-23 17:10:38,211,2511,2号机器狗,2750,93.33,5
2026-07-23 17:10:38,94,2658,Crenz.Crypto,4150,100,25
2026-07-23 17:10:38,43,3142,小目标摩羯版,4600,100,30
2026-07-23 17:10:38,4,6653,Chainghgss,2500,100,12
2026-07-23 17:10:38,69,2831,ssss,4600,100,27
2026-07-23 17:10:38,183,2714,75sirBbot,5250,100,27
2026-07-23 17:10:38,83,5302,WREN,2400,100,12
2026-07-23 17:10:38,50,3496,Chaing8xpt,4550,100,28
2026-07-23 17:10:38,143,2732,先赚一个小目标,4750,100,23
2026-07-23 17:10:38,150,2418,jieni3,5150,93.33,7
2026-07-23 17:10:38,5,2366,TrungMinh,2650,100,13
2026-07-23 17:10:38,170,2756,Rahmann,4700,93.33,13
2026-07-23 17:10:38,103,2420,airwalker 1,4900,100,28
2026-07-23 17:10:38,7,5949,Chainge8yz,2700,100,14
2026-07-23 17:10:38,212,2764,Rahman 2,3600,60,1
2026-07-23 17:10:38,133,2498,CHO1,3950,100,21
2026-07-23 17:10:38,93,4764,Chaingq55i,3600,93.33,13
2026-07-23 17:10:38,184,4259,3cryptobot,4550,100,27
2026-07-23 17:10:38,8,6575,Chaingjp85,2850,100,16
2026-07-23 17:10:38,190,3223,crazy兔子,2800,100,15
2026-07-23 17:10:38,180,3035,DDda,4800,100,25
2026-07-23 17:10:38,197,2398,jieni4,4450,80,5
2026-07-23 17:10:38,112,2904,Gabriel,4500,100,26
2026-07-23 17:10:38,9,6659,Chaing05sz,2850,100,17
2026-07-23 17:10:38,187,3070,bobo,3950,100,20
2026-07-23 17:10:38,182,3044,Joye,4400,100,25
2026-07-23 17:10:38,45,3313,Shakotboos,2750,100,12
2026-07-23 17:10:38,36,2870,faxb,4600,100,26
2026-07-23 17:10:38,11,9044,Chaingwzgs,2800,100,23
2026-07-23 17:10:38,10,4818,Genevieve,3700,100,19
2026-07-23 17:10:38,201,2447,Heborr,4000,100,21
2026-07-23 17:10:38,142,3065,Hasino,4250,100,23
2026-07-23 17:10:38,28,5243,0g-2821,4100,100,25
2026-07-23 17:10:38,12,9029,Genevieve,3600,93.33,13
2026-07-23 17:10:38,163,2671,AI01,4650,100,23
2026-07-23 17:10:38,156,2444,ZzWorld,3700,100,21
2026-07-23 17:10:38,121,2712,Gabriel,3600,100,17
2026-07-23 19:00:09,32,3314,象牙山老四,5500,100,36
2026-07-23 19:00:09,1,4775,Xabong0G,2900,100,13
2026-07-23 19:00:09,100,3072,00dao,5250,100,31
2026-07-23 19:00:09,8,13298,WIZ,9560,100,8
2026-07-23 19:00:09,61,3005,MiniT,5200,100,34
2026-07-23 19:00:09,18,3498,Chaingwfz5,5250,100,34
2026-07-23 19:00:09,200,2507,3号机器狗,3050,100,13
2026-07-23 19:00:09,2,6659,Chaing05sz,2850,100,17
2026-07-23 19:00:09,34,2854,小目标真情版,5050,100,32
2026-07-23 19:00:09,154,4765,Chaingnoao,3050,100,16
2026-07-23 19:00:09,56,4784,SmallT,4850,100,32
2026-07-23 19:00:09,3,5915,Sunf,2700,100,13
2026-07-23 19:00:09,59,2622,RixFi,4950,100,18
2026-07-23 19:00:09,211,2511,2号机器狗,2750,93.33,5
2026-07-23 19:00:09,90,2658,Crenz.Crypto,4150,100,25
2026-07-23 19:00:09,44,3142,小目标摩羯版,4600,100,30
2026-07-23 19:00:09,4,5969,Chaing985e,3000,100,15
2026-07-23 19:00:09,65,2831,ssss,4600,100,27
2026-07-23 19:00:09,187,2714,75sirBbot,5250,100,27
2026-07-23 19:00:09,79,5302,WREN,2400,100,12
2026-07-23 19:00:09,54,3496,Chaing8xpt,4550,100,28
2026-07-23 19:00:09,5,9390,格格,3000,100,19
2026-07-23 19:00:09,136,2732,先赚一个小目标,4750,100,23
2026-07-23 19:00:09,158,2418,jieni3,5150,93.33,7
2026-07-23 19:00:09,169,2756,Rahmann,4700,93.33,13
2026-07-23 19:00:09,99,2420,airwalker 1,4900,100,28
2026-07-23 19:00:09,6,6653,Chainghgss,2500,100,12
2026-07-23 19:00:09,213,2764,Rahman 2,3600,60,1
2026-07-23 19:00:09,148,2498,CHO1,3950,100,21
2026-07-23 19:00:09,112,4764,Chaingq55i,3600,93.33,13
2026-07-23 19:00:09,185,4259,3cryptobot,4550,100,27
2026-07-23 19:00:09,193,3223,crazy兔子,2800,100,15
2026-07-23 19:00:09,171,3035,DDda,4800,100,25
2026-07-23 19:00:09,7,2366,TrungMinh,2650,100,13
2026-07-23 19:00:09,190,2398,jieni4,4450,80,5
2026-07-23 19:00:09,106,2904,Gabriel,4500,100,26
2026-07-23 19:00:09,9,5949,Chainge8yz,2700,100,14
2026-07-23 19:00:09,184,3070,bobo,3950,100,20
2026-07-23 19:00:09,172,3044,Joye,4400,100,25
2026-07-23 19:00:09,39,3313,Shakotboos,2750,100,12
2026-07-23 19:00:09,45,2870,faxb,4600,100,26
2026-07-23 19:00:09,10,6013,jijioulei22,2900,100,13
2026-07-23 19:00:09,22,4818,Genevieve,3700,100,19
2026-07-23 19:00:09,203,2447,Heborr,4000,100,21
2026-07-23 19:00:09,140,3065,Hasino,4250,100,23
2026-07-23 19:00:09,16,5243,0g-2821,4100,100,25
2026-07-23 19:00:09,11,4631,Chaingqygr,2500,100,15
2026-07-23 19:00:09,157,2671,AI01,4650,100,23
2026-07-23 19:00:09,163,2444,ZzWorld,3700,100,21
2026-07-23 19:00:09,133,2712,Gabriel,3600,100,17
2026-07-23 20:16:44,31,3314,象牙山老四,5500,100,36
2026-07-23 20:16:44,1,4775,Xabong0G,2900,100,13
2026-07-23 20:16:44,100,3072,00dao,5250,100,31
2026-07-23 20:16:44,8,13298,WIZ,9560,100,8
2026-07-23 20:16:44,60,3005,MiniT,5200,100,34
2026-07-23 20:16:44,17,3498,Chaingwfz5,5250,100,34
2026-07-23 20:16:44,200,2507,3号机器狗,3050,100,13
2026-07-23 20:16:44,2,5915,Sunf,2700,100,13
2026-07-23 20:16:44,42,2854,小目标真情版,5050,100,32
2026-07-23 20:16:44,154,4765,Chaingnoao,3050,100,16
2026-07-23 20:16:44,65,4784,SmallT,4850,100,32
2026-07-23 20:16:44,3,6659,Chaing05sz,2850,100,17
2026-07-23 20:16:44,57,2622,RixFi,4950,100,18
2026-07-23 20:16:44,211,2511,2号机器狗,2750,93.33,5
2026-07-23 20:16:44,90,2658,Crenz.Crypto,4150,100,25
2026-07-23 20:16:44,41,3142,小目标摩羯版,4600,100,30
2026-07-23 20:16:44,4,5969,Chaing985e,3000,100,15
2026-07-23 20:16:44,64,2831,ssss,4600,100,27
2026-07-23 20:16:44,187,2714,75sirBbot,5250,100,27
2026-07-23 20:16:44,77,5302,WREN,2400,100,12
2026-07-23 20:16:44,53,3496,Chaing8xpt,4550,100,28
2026-07-23 20:16:44,5,9390,格格,3000,100,19
2026-07-23 20:16:44,136,2732,先赚一个小目标,4750,100,23
2026-07-23 20:16:44,158,2418,jieni3,5150,93.33,7
2026-07-23 20:16:44,168,2756,Rahmann,4700,93.33,13
2026-07-23 20:16:44,99,2420,airwalker 1,4900,100,28
2026-07-23 20:16:44,6,6653,Chainghgss,2500,100,12
2026-07-23 20:16:44,212,2764,Rahman 2,3600,60,1
2026-07-23 20:16:44,147,2498,CHO1,3950,100,21
2026-07-23 20:16:44,112,4764,Chaingq55i,3600,93.33,13
2026-07-23 20:16:44,184,4259,3cryptobot,4550,100,27
2026-07-23 20:16:44,193,3223,crazy兔子,2800,100,15
2026-07-23 20:16:44,170,3035,DDda,4800,100,25
2026-07-23 20:16:44,7,2366,TrungMinh,2650,100,13
2026-07-23 20:16:44,191,2398,jieni4,4450,80,5
2026-07-23 20:16:44,106,2904,Gabriel,4500,100,26
2026-07-23 20:16:44,9,5949,Chainge8yz,2700,100,14
2026-07-23 20:16:44,186,3070,bobo,3950,100,20
2026-07-23 20:16:44,172,3044,Joye,4400,100,25
2026-07-23 20:16:44,37,3313,Shakotboos,2750,100,12
2026-07-23 20:16:44,51,2870,faxb,4600,100,26
2026-07-23 20:16:44,10,6013,jijioulei22,2900,100,13
2026-07-23 20:16:44,21,4818,Genevieve,3700,100,19
2026-07-23 20:16:44,203,2447,Heborr,4000,100,21
2026-07-23 20:16:44,139,3065,Hasino,4250,100,23
2026-07-23 20:16:44,16,5243,0g-2821,4100,100,25
2026-07-23 20:16:44,11,4631,Chaingqygr,2500,100,15
2026-07-23 20:16:44,157,2671,AI01,4650,100,23
2026-07-23 20:16:44,163,2444,ZzWorld,3700,100,21
2026-07-23 20:16:44,133,2712,Gabriel,3600,100,17
